qubits,depth,peak_bitstring,peak_probability,rand_layers,peak_layers,n_u3,n_cz,file
2,2,00,0.9999743053208562,1,1,16,6,circuits/q2/prqc_q2_d2.qasm
2,3,00,0.9999735483560696,1,2,24,9,circuits/q2/prqc_q2_d3.qasm
2,4,00,0.9999449958149504,2,2,32,12,circuits/q2/prqc_q2_d4.qasm
2,5,00,0.9995067149319892,2,3,40,15,circuits/q2/prqc_q2_d5.qasm
2,6,00,0.999492829744685,3,3,48,18,circuits/q2/prqc_q2_d6.qasm
2,7,00,0.999970843643751,3,4,56,21,circuits/q2/prqc_q2_d7.qasm
2,8,00,0.9999982648969233,4,4,64,24,circuits/q2/prqc_q2_d8.qasm
2,9,00,0.9998424501977481,4,5,72,27,circuits/q2/prqc_q2_d9.qasm
2,10,00,0.9999937001411985,5,5,80,30,circuits/q2/prqc_q2_d10.qasm
2,11,00,0.9999519407634646,5,6,88,33,circuits/q2/prqc_q2_d11.qasm
2,12,00,0.9999986364406229,6,6,96,36,circuits/q2/prqc_q2_d12.qasm
2,13,00,0.9999333952226755,6,7,104,39,circuits/q2/prqc_q2_d13.qasm
2,14,00,0.9999190467223894,7,7,112,42,circuits/q2/prqc_q2_d14.qasm
2,15,00,0.9999983109490647,7,8,120,45,circuits/q2/prqc_q2_d15.qasm
2,16,00,0.9999102140377012,8,8,128,48,circuits/q2/prqc_q2_d16.qasm
2,17,00,0.9994822799999319,8,9,136,51,circuits/q2/prqc_q2_d17.qasm
2,18,00,0.9999962403414487,9,9,144,54,circuits/q2/prqc_q2_d18.qasm
2,19,00,0.9997074491156086,9,10,152,57,circuits/q2/prqc_q2_d19.qasm
2,20,00,0.9999999742493296,10,10,160,60,circuits/q2/prqc_q2_d20.qasm
2,21,00,0.9996416110363099,10,11,168,63,circuits/q2/prqc_q2_d21.qasm
2,22,00,0.999908273218447,11,11,176,66,circuits/q2/prqc_q2_d22.qasm
2,23,00,0.9993662314768462,11,12,184,69,circuits/q2/prqc_q2_d23.qasm
2,24,00,0.9993936511591308,12,12,192,72,circuits/q2/prqc_q2_d24.qasm
2,25,00,0.9998094701465366,12,13,200,75,circuits/q2/prqc_q2_d25.qasm
2,26,00,0.9999735174817963,13,13,208,78,circuits/q2/prqc_q2_d26.qasm
2,27,00,0.9997233862487889,13,14,216,81,circuits/q2/prqc_q2_d27.qasm
2,28,00,0.9994590196323606,14,14,224,84,circuits/q2/prqc_q2_d28.qasm
2,29,00,0.999380412346508,14,15,232,87,circuits/q2/prqc_q2_d29.qasm
2,30,00,0.9996080255074256,15,15,240,90,circuits/q2/prqc_q2_d30.qasm
2,31,00,0.9992001776774491,15,16,248,93,circuits/q2/prqc_q2_d31.qasm
2,32,00,0.9992527460690871,16,16,256,96,circuits/q2/prqc_q2_d32.qasm
2,33,00,0.9994892525333962,16,17,264,99,circuits/q2/prqc_q2_d33.qasm
2,34,00,0.9993162225276263,17,17,272,102,circuits/q2/prqc_q2_d34.qasm
2,35,00,0.999944481309914,17,18,280,105,circuits/q2/prqc_q2_d35.qasm
2,36,00,0.9992105754247831,18,18,288,108,circuits/q2/prqc_q2_d36.qasm
2,37,00,0.9996481137719658,18,19,296,111,circuits/q2/prqc_q2_d37.qasm
2,38,00,0.9999655819914932,19,19,304,114,circuits/q2/prqc_q2_d38.qasm
2,39,00,0.999431830793921,19,20,312,117,circuits/q2/prqc_q2_d39.qasm
2,40,00,0.9999613818230922,20,20,320,120,circuits/q2/prqc_q2_d40.qasm
2,41,00,0.999917179951916,20,21,328,123,circuits/q2/prqc_q2_d41.qasm
2,42,00,0.9997948846072082,21,21,336,126,circuits/q2/prqc_q2_d42.qasm
2,43,00,0.9999771927039733,21,22,344,129,circuits/q2/prqc_q2_d43.qasm
2,44,00,0.999606099883582,22,22,352,132,circuits/q2/prqc_q2_d44.qasm
2,45,00,0.999999795570018,22,23,360,135,circuits/q2/prqc_q2_d45.qasm
2,46,00,0.9999991277158621,23,23,368,138,circuits/q2/prqc_q2_d46.qasm
2,47,00,0.9999996162887719,23,24,376,141,circuits/q2/prqc_q2_d47.qasm
2,48,00,0.9996972759837691,24,24,384,144,circuits/q2/prqc_q2_d48.qasm
2,49,00,0.9999910719086955,24,25,392,147,circuits/q2/prqc_q2_d49.qasm
2,50,00,0.9994250664112492,25,25,400,150,circuits/q2/prqc_q2_d50.qasm
3,2,000,0.9999743053208562,1,1,16,6,circuits/q3/prqc_q3_d2.qasm
3,3,000,0.9994957759720615,1,2,24,9,circuits/q3/prqc_q3_d3.qasm
3,4,000,0.9998436308198153,2,2,32,12,circuits/q3/prqc_q3_d4.qasm
3,5,000,0.999373820311239,2,3,40,15,circuits/q3/prqc_q3_d5.qasm
3,6,000,0.9992520526390689,3,3,48,18,circuits/q3/prqc_q3_d6.qasm
3,7,000,0.9992744239381777,3,4,56,21,circuits/q3/prqc_q3_d7.qasm
3,8,000,0.9992330458055141,4,4,64,24,circuits/q3/prqc_q3_d8.qasm
3,9,000,0.999708083702065,4,5,72,27,circuits/q3/prqc_q3_d9.qasm
3,10,000,0.9992114650282989,5,5,80,30,circuits/q3/prqc_q3_d10.qasm
3,11,000,0.9992911448647162,5,6,88,33,circuits/q3/prqc_q3_d11.qasm
3,12,000,0.9996504320351819,6,6,96,36,circuits/q3/prqc_q3_d12.qasm
3,13,000,0.9997821387551906,6,7,104,39,circuits/q3/prqc_q3_d13.qasm
3,14,000,0.9991674827156546,7,7,112,42,circuits/q3/prqc_q3_d14.qasm
3,15,000,0.9993784134520067,7,8,120,45,circuits/q3/prqc_q3_d15.qasm
3,16,000,0.9992548708966726,8,8,128,48,circuits/q3/prqc_q3_d16.qasm
3,17,000,0.9997376496521332,8,9,136,51,circuits/q3/prqc_q3_d17.qasm
3,18,000,0.9999414683678913,9,9,144,54,circuits/q3/prqc_q3_d18.qasm
3,19,000,0.9995452086225547,9,10,152,57,circuits/q3/prqc_q3_d19.qasm
3,20,000,0.9993035089828213,10,10,160,60,circuits/q3/prqc_q3_d20.qasm
3,21,000,0.9995249274968776,10,11,168,63,circuits/q3/prqc_q3_d21.qasm
3,22,000,0.9999671871641879,11,11,176,66,circuits/q3/prqc_q3_d22.qasm
3,23,000,0.9999525063558483,11,12,184,69,circuits/q3/prqc_q3_d23.qasm
3,24,000,0.999558686353499,12,12,192,72,circuits/q3/prqc_q3_d24.qasm
3,25,000,0.9993283281674156,12,13,200,75,circuits/q3/prqc_q3_d25.qasm
3,26,000,0.9998536341557588,13,13,208,78,circuits/q3/prqc_q3_d26.qasm
3,27,000,0.9998968078501186,13,14,216,81,circuits/q3/prqc_q3_d27.qasm
3,28,000,0.9996894132759017,14,14,224,84,circuits/q3/prqc_q3_d28.qasm
3,29,000,0.9998273555905891,14,15,232,87,circuits/q3/prqc_q3_d29.qasm
3,30,000,0.9996775565895203,15,15,240,90,circuits/q3/prqc_q3_d30.qasm
3,31,000,0.9993444123016613,15,16,248,93,circuits/q3/prqc_q3_d31.qasm
3,32,000,0.9998218492497813,16,16,256,96,circuits/q3/prqc_q3_d32.qasm
3,33,000,0.9994932552806458,16,17,264,99,circuits/q3/prqc_q3_d33.qasm
3,34,000,0.9998386283299878,17,17,272,102,circuits/q3/prqc_q3_d34.qasm
3,35,000,0.9999027897835427,17,18,280,105,circuits/q3/prqc_q3_d35.qasm
3,36,000,0.9998501493998814,18,18,288,108,circuits/q3/prqc_q3_d36.qasm
3,37,000,0.9998247315697313,18,19,296,111,circuits/q3/prqc_q3_d37.qasm
3,38,000,0.9992019670088725,19,19,304,114,circuits/q3/prqc_q3_d38.qasm
3,39,000,0.9992651408648892,19,20,312,117,circuits/q3/prqc_q3_d39.qasm
3,40,000,0.9996202392310185,20,20,320,120,circuits/q3/prqc_q3_d40.qasm
3,41,000,0.9998150365858612,20,21,328,123,circuits/q3/prqc_q3_d41.qasm
3,42,000,0.9991537380698274,21,21,336,126,circuits/q3/prqc_q3_d42.qasm
3,43,000,0.9992501342695159,21,22,344,129,circuits/q3/prqc_q3_d43.qasm
3,44,000,0.9998622063348636,22,22,352,132,circuits/q3/prqc_q3_d44.qasm
3,45,000,0.9990589799148809,22,23,360,135,circuits/q3/prqc_q3_d45.qasm
3,46,000,0.9997845292246115,23,23,368,138,circuits/q3/prqc_q3_d46.qasm
3,47,000,0.9999624317229227,23,24,376,141,circuits/q3/prqc_q3_d47.qasm
3,48,000,0.99981340486979,24,24,384,144,circuits/q3/prqc_q3_d48.qasm
3,49,000,0.9997280397317523,24,25,392,147,circuits/q3/prqc_q3_d49.qasm
3,50,000,0.9999157324275305,25,25,400,150,circuits/q3/prqc_q3_d50.qasm
4,2,0000,0.9992666559583405,1,1,32,12,circuits/q4/prqc_q4_d2.qasm
4,3,0000,0.9993316678074874,1,2,40,15,circuits/q4/prqc_q4_d3.qasm
4,4,0000,0.9990065714759138,2,2,48,18,circuits/q4/prqc_q4_d4.qasm
4,5,0000,0.9990796027297792,2,3,64,24,circuits/q4/prqc_q4_d5.qasm
4,6,0000,0.999090498901383,3,3,80,30,circuits/q4/prqc_q4_d6.qasm
4,7,0000,0.9992093307277163,3,4,88,33,circuits/q4/prqc_q4_d7.qasm
4,8,0000,0.9991487861051057,4,4,96,36,circuits/q4/prqc_q4_d8.qasm
4,9,0000,0.9997360754120693,4,5,112,42,circuits/q4/prqc_q4_d9.qasm
4,10,0000,0.9992569424517053,5,5,128,48,circuits/q4/prqc_q4_d10.qasm
4,11,0000,0.9994161804988829,5,6,136,51,circuits/q4/prqc_q4_d11.qasm
4,12,0000,0.9996224494650717,6,6,144,54,circuits/q4/prqc_q4_d12.qasm
4,13,0000,0.9993536663565606,6,7,160,60,circuits/q4/prqc_q4_d13.qasm
4,14,0000,0.9994956637865795,7,7,176,66,circuits/q4/prqc_q4_d14.qasm
4,15,0000,0.999423943625453,7,8,184,69,circuits/q4/prqc_q4_d15.qasm
4,16,0000,0.9990682213390341,8,8,192,72,circuits/q4/prqc_q4_d16.qasm
4,17,0000,0.9990270355517803,8,9,208,78,circuits/q4/prqc_q4_d17.qasm
4,18,0000,0.9991709423029025,9,9,224,84,circuits/q4/prqc_q4_d18.qasm
4,19,0000,0.9998341923028627,9,10,232,87,circuits/q4/prqc_q4_d19.qasm
4,20,0000,0.9991117280077761,10,10,240,90,circuits/q4/prqc_q4_d20.qasm
4,21,0000,0.9997279564686671,10,11,256,96,circuits/q4/prqc_q4_d21.qasm
4,22,0000,0.9998252738334592,11,11,272,102,circuits/q4/prqc_q4_d22.qasm
4,23,0000,0.9994770572836922,11,12,280,105,circuits/q4/prqc_q4_d23.qasm
4,24,0000,0.9995147917625671,12,12,288,108,circuits/q4/prqc_q4_d24.qasm
4,25,0000,0.9998469782965769,12,13,304,114,circuits/q4/prqc_q4_d25.qasm
4,26,0000,0.9995012672904336,13,13,320,120,circuits/q4/prqc_q4_d26.qasm
4,27,0000,0.9996342598100691,13,14,328,123,circuits/q4/prqc_q4_d27.qasm
4,28,0000,0.9992776867009926,14,14,336,126,circuits/q4/prqc_q4_d28.qasm
4,29,0000,0.9992889183910165,14,15,352,132,circuits/q4/prqc_q4_d29.qasm
4,30,0000,0.9994819446417046,15,15,368,138,circuits/q4/prqc_q4_d30.qasm
4,31,0000,0.9994561527560616,15,16,376,141,circuits/q4/prqc_q4_d31.qasm
4,32,0000,0.9996626575216793,16,16,384,144,circuits/q4/prqc_q4_d32.qasm
4,33,0000,0.9990334872258569,16,17,400,150,circuits/q4/prqc_q4_d33.qasm
4,34,0000,0.999423107821328,17,17,416,156,circuits/q4/prqc_q4_d34.qasm
4,35,0000,0.9994768095474694,17,18,424,159,circuits/q4/prqc_q4_d35.qasm
4,36,0000,0.9993728486361217,18,18,432,162,circuits/q4/prqc_q4_d36.qasm
4,37,0000,0.9995890353058396,18,19,448,168,circuits/q4/prqc_q4_d37.qasm
4,38,0000,0.9997419723328235,19,19,464,174,circuits/q4/prqc_q4_d38.qasm
4,39,0000,0.9993147860903012,19,20,472,177,circuits/q4/prqc_q4_d39.qasm
4,40,0000,0.9996866426566138,20,20,480,180,circuits/q4/prqc_q4_d40.qasm
4,41,0000,0.9993518461776965,20,21,496,186,circuits/q4/prqc_q4_d41.qasm
4,42,0000,0.9990832037951516,21,21,512,192,circuits/q4/prqc_q4_d42.qasm
4,43,0000,0.9994134563116736,21,22,520,195,circuits/q4/prqc_q4_d43.qasm
4,44,0000,0.9993400361548654,22,22,528,198,circuits/q4/prqc_q4_d44.qasm
4,45,0000,0.9999009285963025,22,23,544,204,circuits/q4/prqc_q4_d45.qasm
4,46,0000,0.9994584960736765,23,23,560,210,circuits/q4/prqc_q4_d46.qasm
4,47,0000,0.9997230701688916,23,24,568,213,circuits/q4/prqc_q4_d47.qasm
4,48,0000,0.9993899092162342,24,24,576,216,circuits/q4/prqc_q4_d48.qasm
4,49,0000,0.9999024174392517,24,25,592,222,circuits/q4/prqc_q4_d49.qasm
4,50,0000,0.9998458872461443,25,25,608,228,circuits/q4/prqc_q4_d50.qasm
5,2,00000,0.9992666559583405,1,1,32,12,circuits/q5/prqc_q5_d2.qasm
5,3,00000,0.9993729680672088,1,2,48,18,circuits/q5/prqc_q5_d3.qasm
5,4,00000,0.9990143872237753,2,2,64,24,circuits/q5/prqc_q5_d4.qasm
5,5,00000,0.9990290308457918,2,3,80,30,circuits/q5/prqc_q5_d5.qasm
5,6,00000,0.9991045072373917,3,3,96,36,circuits/q5/prqc_q5_d6.qasm
5,7,00000,0.9990135626336292,3,4,112,42,circuits/q5/prqc_q5_d7.qasm
5,8,00000,0.9990119522475029,4,4,128,48,circuits/q5/prqc_q5_d8.qasm
5,9,00000,0.9990594691827998,4,5,144,54,circuits/q5/prqc_q5_d9.qasm
5,10,00000,0.9991101769160995,5,5,160,60,circuits/q5/prqc_q5_d10.qasm
5,11,00000,0.9991354211291817,5,6,176,66,circuits/q5/prqc_q5_d11.qasm
5,12,00000,0.9991968036532316,6,6,192,72,circuits/q5/prqc_q5_d12.qasm
5,13,00000,0.9990269780197154,6,7,208,78,circuits/q5/prqc_q5_d13.qasm
5,14,00000,0.9990923534163678,7,7,224,84,circuits/q5/prqc_q5_d14.qasm
5,15,00000,0.9991838245960156,7,8,240,90,circuits/q5/prqc_q5_d15.qasm
5,16,00000,0.9993072509654708,8,8,256,96,circuits/q5/prqc_q5_d16.qasm
5,17,00000,0.9996110541838671,8,9,272,102,circuits/q5/prqc_q5_d17.qasm
5,18,00000,0.9994241361991998,9,9,288,108,circuits/q5/prqc_q5_d18.qasm
5,19,00000,0.9990122642535612,9,10,304,114,circuits/q5/prqc_q5_d19.qasm
5,20,00000,0.9991818795715914,10,10,320,120,circuits/q5/prqc_q5_d20.qasm
5,21,00000,0.9994650106213957,10,11,336,126,circuits/q5/prqc_q5_d21.qasm
5,22,00000,0.9994500644887054,11,11,352,132,circuits/q5/prqc_q5_d22.qasm
5,23,00000,0.9990879323242573,11,12,368,138,circuits/q5/prqc_q5_d23.qasm
5,24,00000,0.9991703424963346,12,12,384,144,circuits/q5/prqc_q5_d24.qasm
5,25,00000,0.9992923649928919,12,13,400,150,circuits/q5/prqc_q5_d25.qasm
5,26,00000,0.999563217902822,13,13,416,156,circuits/q5/prqc_q5_d26.qasm
5,27,00000,0.9995495938561267,13,14,432,162,circuits/q5/prqc_q5_d27.qasm
5,28,00000,0.9994921598174854,14,14,448,168,circuits/q5/prqc_q5_d28.qasm
5,29,00000,0.9996004041461946,14,15,464,174,circuits/q5/prqc_q5_d29.qasm
5,30,00000,0.9992251790051948,15,15,480,180,circuits/q5/prqc_q5_d30.qasm
5,31,00000,0.9991180753609302,15,16,496,186,circuits/q5/prqc_q5_d31.qasm
5,32,00000,0.9993233015945784,16,16,512,192,circuits/q5/prqc_q5_d32.qasm
5,33,00000,0.9996054278383257,16,17,528,198,circuits/q5/prqc_q5_d33.qasm
5,34,00000,0.9993616032852618,17,17,544,204,circuits/q5/prqc_q5_d34.qasm
5,35,00000,0.9992193377986885,17,18,560,210,circuits/q5/prqc_q5_d35.qasm
5,36,00000,0.9996674437588784,18,18,576,216,circuits/q5/prqc_q5_d36.qasm
5,37,00000,0.999596842841735,18,19,592,222,circuits/q5/prqc_q5_d37.qasm
5,38,00000,0.9991554335585269,19,19,608,228,circuits/q5/prqc_q5_d38.qasm
5,39,00000,0.9996897689935295,19,20,624,234,circuits/q5/prqc_q5_d39.qasm
5,40,00000,0.9990898265634396,20,20,640,240,circuits/q5/prqc_q5_d40.qasm
5,41,00000,0.9998985845018993,20,21,656,246,circuits/q5/prqc_q5_d41.qasm
5,42,00000,0.9997215491791346,21,21,672,252,circuits/q5/prqc_q5_d42.qasm
5,43,00000,0.9995254456896743,21,22,688,258,circuits/q5/prqc_q5_d43.qasm
5,44,00000,0.9992810576331165,22,22,704,264,circuits/q5/prqc_q5_d44.qasm
5,45,00000,0.9990493100414154,22,23,720,270,circuits/q5/prqc_q5_d45.qasm
5,46,00000,0.9990551707604652,23,23,736,276,circuits/q5/prqc_q5_d46.qasm
5,47,00000,0.999768593376842,23,24,752,282,circuits/q5/prqc_q5_d47.qasm
5,48,00000,0.9991149287804635,24,24,768,288,circuits/q5/prqc_q5_d48.qasm
5,49,00000,0.9996309681898417,24,25,784,294,circuits/q5/prqc_q5_d49.qasm
5,50,00000,0.9990178722563868,25,25,800,300,circuits/q5/prqc_q5_d50.qasm
6,2,000000,0.9996879312888347,1,1,48,18,circuits/q6/prqc_q6_d2.qasm
6,3,000000,0.9993468515726274,1,2,64,24,circuits/q6/prqc_q6_d3.qasm
6,4,000000,0.9992839472466506,2,2,80,30,circuits/q6/prqc_q6_d4.qasm
6,5,000000,0.9990171780323708,2,3,104,39,circuits/q6/prqc_q6_d5.qasm
6,6,000000,0.9990510000208105,3,3,128,48,circuits/q6/prqc_q6_d6.qasm
6,7,000000,0.9990393900513315,3,4,144,54,circuits/q6/prqc_q6_d7.qasm
6,8,000000,0.9990202069710657,4,4,160,60,circuits/q6/prqc_q6_d8.qasm
6,9,000000,0.9990027535793,4,5,184,69,circuits/q6/prqc_q6_d9.qasm
6,10,000000,0.9989166561332445,5,5,208,78,circuits/q6/prqc_q6_d10.qasm
6,11,000000,0.9990186157233244,5,6,224,84,circuits/q6/prqc_q6_d11.qasm
6,12,000000,0.9990004955502754,6,6,240,90,circuits/q6/prqc_q6_d12.qasm
6,13,000000,0.9990348258687756,6,7,264,99,circuits/q6/prqc_q6_d13.qasm
6,14,000000,0.9990296793339307,7,7,288,108,circuits/q6/prqc_q6_d14.qasm
6,15,000000,0.9990515525019052,7,8,304,114,circuits/q6/prqc_q6_d15.qasm
6,16,000000,0.9990701578065962,8,8,320,120,circuits/q6/prqc_q6_d16.qasm
6,17,000000,0.999019938298157,8,9,344,129,circuits/q6/prqc_q6_d17.qasm
6,18,000000,0.9990395787721905,9,9,368,138,circuits/q6/prqc_q6_d18.qasm
6,19,000000,0.9990629583096444,9,10,384,144,circuits/q6/prqc_q6_d19.qasm
6,20,000000,0.9992895862214985,10,10,400,150,circuits/q6/prqc_q6_d20.qasm
6,21,000000,0.999009456702026,10,11,424,159,circuits/q6/prqc_q6_d21.qasm
6,22,000000,0.9991890369445251,11,11,448,168,circuits/q6/prqc_q6_d22.qasm
6,23,000000,0.9994415768860998,11,12,464,174,circuits/q6/prqc_q6_d23.qasm
6,24,000000,0.9990423671301575,12,12,480,180,circuits/q6/prqc_q6_d24.qasm
6,25,000000,0.9991173827805268,12,13,504,189,circuits/q6/prqc_q6_d25.qasm
6,26,000000,0.9990097903099848,13,13,528,198,circuits/q6/prqc_q6_d26.qasm
6,27,000000,0.9992277887313507,13,14,544,204,circuits/q6/prqc_q6_d27.qasm
6,28,000000,0.9993227817677265,14,14,560,210,circuits/q6/prqc_q6_d28.qasm
6,29,000000,0.9991889934640018,14,15,584,219,circuits/q6/prqc_q6_d29.qasm
6,30,000000,0.9990277651605456,15,15,608,228,circuits/q6/prqc_q6_d30.qasm
6,31,000000,0.9993087827938052,15,16,624,234,circuits/q6/prqc_q6_d31.qasm
6,32,000000,0.9994568612088683,16,16,640,240,circuits/q6/prqc_q6_d32.qasm
6,33,000000,0.9990314726119549,16,17,664,249,circuits/q6/prqc_q6_d33.qasm
6,34,000000,0.999028679937602,17,17,688,258,circuits/q6/prqc_q6_d34.qasm
6,35,000000,0.9990812645338792,17,18,704,264,circuits/q6/prqc_q6_d35.qasm
6,36,000000,0.9995617944557074,18,18,720,270,circuits/q6/prqc_q6_d36.qasm
6,37,000000,0.9990812949913105,18,19,744,279,circuits/q6/prqc_q6_d37.qasm
6,38,000000,0.9993121699419847,19,19,768,288,circuits/q6/prqc_q6_d38.qasm
6,39,000000,0.9993423669850304,19,20,784,294,circuits/q6/prqc_q6_d39.qasm
6,40,000000,0.9993850685645609,20,20,800,300,circuits/q6/prqc_q6_d40.qasm
6,41,000000,0.9990449829285539,20,21,824,309,circuits/q6/prqc_q6_d41.qasm
6,42,000000,0.9993076505810695,21,21,848,318,circuits/q6/prqc_q6_d42.qasm
6,43,000000,0.9990784198534337,21,22,864,324,circuits/q6/prqc_q6_d43.qasm
6,44,000000,0.9991574592130879,22,22,880,330,circuits/q6/prqc_q6_d44.qasm
6,45,000000,0.9995274849366252,22,23,904,339,circuits/q6/prqc_q6_d45.qasm
6,46,000000,0.9990323887709741,23,23,928,348,circuits/q6/prqc_q6_d46.qasm
6,47,000000,0.9992966514652992,23,24,944,354,circuits/q6/prqc_q6_d47.qasm
6,48,000000,0.9992077880077614,24,24,960,360,circuits/q6/prqc_q6_d48.qasm
6,49,000000,0.999296919875881,24,25,984,369,circuits/q6/prqc_q6_d49.qasm
6,50,000000,0.9995535894982602,25,25,1008,378,circuits/q6/prqc_q6_d50.qasm
7,2,0000000,0.9996879312888347,1,1,48,18,circuits/q7/prqc_q7_d2.qasm
7,3,0000000,0.9990094657258585,1,2,72,27,circuits/q7/prqc_q7_d3.qasm
7,4,0000000,0.9990274228566747,2,2,96,36,circuits/q7/prqc_q7_d4.qasm
7,5,0000000,0.9990235186776897,2,3,120,45,circuits/q7/prqc_q7_d5.qasm
7,6,0000000,0.9990346172187617,3,3,144,54,circuits/q7/prqc_q7_d6.qasm
7,7,0000000,0.9990046125791696,3,4,168,63,circuits/q7/prqc_q7_d7.qasm
7,8,0000000,0.9990045829949739,4,4,192,72,circuits/q7/prqc_q7_d8.qasm
7,9,0000000,0.9984951365530081,4,5,216,81,circuits/q7/prqc_q7_d9.qasm
7,10,0000000,0.9968019353205455,5,5,240,90,circuits/q7/prqc_q7_d10.qasm
7,11,0000000,0.9918275702920917,5,6,264,99,circuits/q7/prqc_q7_d11.qasm
7,12,0000000,0.9921605586911144,6,6,288,108,circuits/q7/prqc_q7_d12.qasm
7,13,0000000,0.9804086855574944,6,7,312,117,circuits/q7/prqc_q7_d13.qasm
7,14,0000000,0.9836264012879447,7,7,336,126,circuits/q7/prqc_q7_d14.qasm
7,15,0000000,0.9943943197049705,7,8,360,135,circuits/q7/prqc_q7_d15.qasm
7,16,0000000,0.9938834908435146,8,8,384,144,circuits/q7/prqc_q7_d16.qasm
7,17,0000000,0.9989973884125691,8,9,408,153,circuits/q7/prqc_q7_d17.qasm
7,18,0000000,0.9990006528199826,9,9,432,162,circuits/q7/prqc_q7_d18.qasm
7,19,0000000,0.9990367557448827,9,10,456,171,circuits/q7/prqc_q7_d19.qasm
7,20,0000000,0.9990077627869711,10,10,480,180,circuits/q7/prqc_q7_d20.qasm
7,21,0000000,0.999010548128897,10,11,504,189,circuits/q7/prqc_q7_d21.qasm
7,22,0000000,0.9990269406509845,11,11,528,198,circuits/q7/prqc_q7_d22.qasm
7,23,0000000,0.9990013741856104,11,12,552,207,circuits/q7/prqc_q7_d23.qasm
7,24,0000000,0.9990463284422932,12,12,576,216,circuits/q7/prqc_q7_d24.qasm
7,25,0000000,0.9990458733816326,12,13,600,225,circuits/q7/prqc_q7_d25.qasm
7,26,0000000,0.9990983715478546,13,13,624,234,circuits/q7/prqc_q7_d26.qasm
7,27,0000000,0.9990327637410658,13,14,648,243,circuits/q7/prqc_q7_d27.qasm
7,28,0000000,0.9990454157555525,14,14,672,252,circuits/q7/prqc_q7_d28.qasm
7,29,0000000,0.9991380926402399,14,15,696,261,circuits/q7/prqc_q7_d29.qasm
7,30,0000000,0.9990171149831678,15,15,720,270,circuits/q7/prqc_q7_d30.qasm
7,31,0000000,0.9991357666369123,15,16,744,279,circuits/q7/prqc_q7_d31.qasm
7,32,0000000,0.9990587551715837,16,16,768,288,circuits/q7/prqc_q7_d32.qasm
7,33,0000000,0.9992029669146004,16,17,792,297,circuits/q7/prqc_q7_d33.qasm
7,34,0000000,0.9992112504345058,17,17,816,306,circuits/q7/prqc_q7_d34.qasm
7,35,0000000,0.9990384034957845,17,18,840,315,circuits/q7/prqc_q7_d35.qasm
7,36,0000000,0.9992253052012937,18,18,864,324,circuits/q7/prqc_q7_d36.qasm
7,37,0000000,0.9990365709746625,18,19,888,333,circuits/q7/prqc_q7_d37.qasm
7,38,0000000,0.999071301206937,19,19,912,342,circuits/q7/prqc_q7_d38.qasm
7,39,0000000,0.9992192745366489,19,20,936,351,circuits/q7/prqc_q7_d39.qasm
7,40,0000000,0.9992328460641475,20,20,960,360,circuits/q7/prqc_q7_d40.qasm
7,41,0000000,0.9992289742581767,20,21,984,369,circuits/q7/prqc_q7_d41.qasm
7,42,0000000,0.9991193379873938,21,21,1008,378,circuits/q7/prqc_q7_d42.qasm
7,43,0000000,0.9994457156922347,21,22,1032,387,circuits/q7/prqc_q7_d43.qasm
7,44,0000000,0.999402555059511,22,22,1056,396,circuits/q7/prqc_q7_d44.qasm
7,45,0000000,0.9991035732125734,22,23,1080,405,circuits/q7/prqc_q7_d45.qasm
7,46,0000000,0.9990690706984552,23,23,1104,414,circuits/q7/prqc_q7_d46.qasm
7,47,0000000,0.9991799335357173,23,24,1128,423,circuits/q7/prqc_q7_d47.qasm
7,48,0000000,0.9991561965949882,24,24,1152,432,circuits/q7/prqc_q7_d48.qasm
7,49,0000000,0.9992156329182443,24,25,1176,441,circuits/q7/prqc_q7_d49.qasm
7,50,0000000,0.9993085750440753,25,25,1200,450,circuits/q7/prqc_q7_d50.qasm
8,2,00000000,0.9996024324655763,1,1,64,24,circuits/q8/prqc_q8_d2.qasm
8,3,00000000,0.9990462817580134,1,2,88,33,circuits/q8/prqc_q8_d3.qasm
8,4,00000000,0.9990621798482759,2,2,112,42,circuits/q8/prqc_q8_d4.qasm
8,5,00000000,0.9990113261459379,2,3,144,54,circuits/q8/prqc_q8_d5.qasm
8,6,00000000,0.9990009682243812,3,3,176,66,circuits/q8/prqc_q8_d6.qasm
8,7,00000000,0.9990250556829788,3,4,200,75,circuits/q8/prqc_q8_d7.qasm
8,8,00000000,0.9990224484553477,4,4,224,84,circuits/q8/prqc_q8_d8.qasm
8,9,00000000,0.9962439828399954,4,5,256,96,circuits/q8/prqc_q8_d9.qasm
8,10,00000000,0.9953135593186437,5,5,288,108,circuits/q8/prqc_q8_d10.qasm
8,11,00000000,0.9955071693685866,5,6,312,117,circuits/q8/prqc_q8_d11.qasm
8,12,00000000,0.9962704345150469,6,6,336,126,circuits/q8/prqc_q8_d12.qasm
8,13,00000000,0.9661624505476701,6,7,368,138,circuits/q8/prqc_q8_d13.qasm
8,14,00000000,0.9781284033102117,7,7,400,150,circuits/q8/prqc_q8_d14.qasm
8,15,00000000,0.9140098844502083,7,8,424,159,circuits/q8/prqc_q8_d15.qasm
8,16,00000000,0.9073547347685487,8,8,448,168,circuits/q8/prqc_q8_d16.qasm
8,17,00000000,0.9363863311973607,8,9,480,180,circuits/q8/prqc_q8_d17.qasm
8,18,00000000,0.934315327701955,9,9,512,192,circuits/q8/prqc_q8_d18.qasm
8,19,00000000,0.951057404157929,9,10,536,201,circuits/q8/prqc_q8_d19.qasm
8,20,00000000,0.9564965065812393,10,10,560,210,circuits/q8/prqc_q8_d20.qasm
8,21,00000000,0.9746553698731294,10,11,592,222,circuits/q8/prqc_q8_d21.qasm
8,22,00000000,0.9744334442819127,11,11,624,234,circuits/q8/prqc_q8_d22.qasm
8,23,00000000,0.9825502641220919,11,12,648,243,circuits/q8/prqc_q8_d23.qasm
8,24,00000000,0.9831994254204903,12,12,672,252,circuits/q8/prqc_q8_d24.qasm
8,25,00000000,0.9943623347305003,12,13,704,264,circuits/q8/prqc_q8_d25.qasm
8,26,00000000,0.9915939222724255,13,13,736,276,circuits/q8/prqc_q8_d26.qasm
8,27,00000000,0.9966085680778419,13,14,760,285,circuits/q8/prqc_q8_d27.qasm
8,28,00000000,0.9971064592714358,14,14,784,294,circuits/q8/prqc_q8_d28.qasm
8,29,00000000,0.9990010826363497,14,15,816,306,circuits/q8/prqc_q8_d29.qasm
8,30,00000000,0.9990001862013602,15,15,848,318,circuits/q8/prqc_q8_d30.qasm
8,31,00000000,0.9990063729539727,15,16,872,327,circuits/q8/prqc_q8_d31.qasm
8,32,00000000,0.9990077901832533,16,16,896,336,circuits/q8/prqc_q8_d32.qasm
8,33,00000000,0.9990237994493495,16,17,928,348,circuits/q8/prqc_q8_d33.qasm
8,34,00000000,0.999020310755245,17,17,960,360,circuits/q8/prqc_q8_d34.qasm
8,35,00000000,0.999019492580047,17,18,984,369,circuits/q8/prqc_q8_d35.qasm
8,36,00000000,0.999004884808803,18,18,1008,378,circuits/q8/prqc_q8_d36.qasm
8,37,00000000,0.999028511183503,18,19,1040,390,circuits/q8/prqc_q8_d37.qasm
8,38,00000000,0.9990202550348373,19,19,1072,402,circuits/q8/prqc_q8_d38.qasm
8,39,00000000,0.9990375625050147,19,20,1096,411,circuits/q8/prqc_q8_d39.qasm
8,40,00000000,0.9990427499130098,20,20,1120,420,circuits/q8/prqc_q8_d40.qasm
8,41,00000000,0.9990235844727828,20,21,1152,432,circuits/q8/prqc_q8_d41.qasm
8,42,00000000,0.9990979696498918,21,21,1184,444,circuits/q8/prqc_q8_d42.qasm
8,43,00000000,0.9990171944938636,21,22,1208,453,circuits/q8/prqc_q8_d43.qasm
8,44,00000000,0.9990946567367661,22,22,1232,462,circuits/q8/prqc_q8_d44.qasm
8,45,00000000,0.9990163296308985,22,23,1264,474,circuits/q8/prqc_q8_d45.qasm
8,46,00000000,0.9990714500119416,23,23,1296,486,circuits/q8/prqc_q8_d46.qasm
8,47,00000000,0.9990546039286953,23,24,1320,495,circuits/q8/prqc_q8_d47.qasm
8,48,00000000,0.999101062888823,24,24,1344,504,circuits/q8/prqc_q8_d48.qasm
8,49,00000000,0.9990837367758663,24,25,1376,516,circuits/q8/prqc_q8_d49.qasm
8,50,00000000,0.9990754058771444,25,25,1408,528,circuits/q8/prqc_q8_d50.qasm
9,2,000000000,0.9996024324655763,1,1,64,24,circuits/q9/prqc_q9_d2.qasm
9,3,000000000,0.9990188471735708,1,2,96,36,circuits/q9/prqc_q9_d3.qasm
9,4,000000000,0.9990187208956783,2,2,128,48,circuits/q9/prqc_q9_d4.qasm
9,5,000000000,0.9990003741864474,2,3,160,60,circuits/q9/prqc_q9_d5.qasm
9,6,000000000,0.9990715589501526,3,3,192,72,circuits/q9/prqc_q9_d6.qasm
9,7,000000000,0.9990118203169014,3,4,224,84,circuits/q9/prqc_q9_d7.qasm
9,8,000000000,0.9916076531968308,4,4,256,96,circuits/q9/prqc_q9_d8.qasm
9,9,000000000,0.9990050607050743,4,5,288,108,circuits/q9/prqc_q9_d9.qasm
9,10,000000000,0.9990071644720562,5,5,320,120,circuits/q9/prqc_q9_d10.qasm
9,11,000000000,0.9809832768527106,5,6,352,132,circuits/q9/prqc_q9_d11.qasm
9,12,000000000,0.9819960376926138,6,6,384,144,circuits/q9/prqc_q9_d12.qasm
9,13,000000000,0.8892653042779255,6,7,416,156,circuits/q9/prqc_q9_d13.qasm
9,14,000000000,0.9804431558410283,7,7,448,168,circuits/q9/prqc_q9_d14.qasm
9,15,000000000,0.8871052252565731,7,8,480,180,circuits/q9/prqc_q9_d15.qasm
9,16,000000000,0.8770692732868641,8,8,512,192,circuits/q9/prqc_q9_d16.qasm
9,17,000000000,0.8331722026694319,8,9,544,204,circuits/q9/prqc_q9_d17.qasm
9,18,000000000,0.8463378908046728,9,9,576,216,circuits/q9/prqc_q9_d18.qasm
9,19,000000000,0.8393478302260982,9,10,608,228,circuits/q9/prqc_q9_d19.qasm
9,20,000000000,0.8642642191218592,10,10,640,240,circuits/q9/prqc_q9_d20.qasm
9,21,000000000,0.8461061746414243,10,11,672,252,circuits/q9/prqc_q9_d21.qasm
9,22,000000000,0.849873818568732,11,11,704,264,circuits/q9/prqc_q9_d22.qasm
9,23,000000000,0.8488190478035305,11,12,736,276,circuits/q9/prqc_q9_d23.qasm
9,24,000000000,0.860058834914977,12,12,768,288,circuits/q9/prqc_q9_d24.qasm
9,25,000000000,0.8726161499477487,12,13,800,300,circuits/q9/prqc_q9_d25.qasm
9,26,000000000,0.8809247950128629,13,13,832,312,circuits/q9/prqc_q9_d26.qasm
9,27,000000000,0.9020213633228427,13,14,864,324,circuits/q9/prqc_q9_d27.qasm
9,28,000000000,0.8995635937565205,14,14,896,336,circuits/q9/prqc_q9_d28.qasm
9,29,000000000,0.9248294406245856,14,15,928,348,circuits/q9/prqc_q9_d29.qasm
9,30,000000000,0.9226123458492959,15,15,960,360,circuits/q9/prqc_q9_d30.qasm
9,31,000000000,0.9377642975860508,15,16,992,372,circuits/q9/prqc_q9_d31.qasm
9,32,000000000,0.9434174991408265,16,16,1024,384,circuits/q9/prqc_q9_d32.qasm
9,33,000000000,0.9542730847758463,16,17,1056,396,circuits/q9/prqc_q9_d33.qasm
9,34,000000000,0.9533034300759478,17,17,1088,408,circuits/q9/prqc_q9_d34.qasm
9,35,000000000,0.9632267411383225,17,18,1120,420,circuits/q9/prqc_q9_d35.qasm
9,36,000000000,0.9649948652279244,18,18,1152,432,circuits/q9/prqc_q9_d36.qasm
9,37,000000000,0.9736807854557458,18,19,1184,444,circuits/q9/prqc_q9_d37.qasm
9,38,000000000,0.9721385305965585,19,19,1216,456,circuits/q9/prqc_q9_d38.qasm
9,39,000000000,0.9815273972185967,19,20,1248,468,circuits/q9/prqc_q9_d39.qasm
9,40,000000000,0.9802227163899188,20,20,1280,480,circuits/q9/prqc_q9_d40.qasm
9,41,000000000,0.9869098453846119,20,21,1312,492,circuits/q9/prqc_q9_d41.qasm
9,42,000000000,0.9884122889139207,21,21,1344,504,circuits/q9/prqc_q9_d42.qasm
9,43,000000000,0.9912393604522205,21,22,1376,516,circuits/q9/prqc_q9_d43.qasm
9,44,000000000,0.9931365673273266,22,22,1408,528,circuits/q9/prqc_q9_d44.qasm
9,45,000000000,0.9947108671750267,22,23,1440,540,circuits/q9/prqc_q9_d45.qasm
9,46,000000000,0.9945338661552475,23,23,1472,552,circuits/q9/prqc_q9_d46.qasm
9,47,000000000,0.997096054547807,23,24,1504,564,circuits/q9/prqc_q9_d47.qasm
9,48,000000000,0.9966759215482113,24,24,1536,576,circuits/q9/prqc_q9_d48.qasm
9,49,000000000,0.9986385430596143,24,25,1568,588,circuits/q9/prqc_q9_d49.qasm
9,50,000000000,0.9986465944893008,25,25,1600,600,circuits/q9/prqc_q9_d50.qasm
10,2,0000000000,0.9999332747927066,1,1,80,30,circuits/q10/prqc_q10_d2.qasm
10,3,0000000000,0.999222842958723,1,2,112,42,circuits/q10/prqc_q10_d3.qasm
10,4,0000000000,0.9990848831845773,2,2,144,54,circuits/q10/prqc_q10_d4.qasm
10,5,0000000000,0.9990066884790084,2,3,184,69,circuits/q10/prqc_q10_d5.qasm
10,6,0000000000,0.999028137929785,3,3,224,84,circuits/q10/prqc_q10_d6.qasm
10,7,0000000000,0.9990657872567845,3,4,256,96,circuits/q10/prqc_q10_d7.qasm
10,8,0000000000,0.9990165991458733,4,4,288,108,circuits/q10/prqc_q10_d8.qasm
10,9,0000000000,0.9960701247405834,4,5,328,123,circuits/q10/prqc_q10_d9.qasm
10,10,0000000000,0.9250799777939226,5,5,368,138,circuits/q10/prqc_q10_d10.qasm
10,11,0000000000,0.999003655554742,5,6,400,150,circuits/q10/prqc_q10_d11.qasm
10,12,0000000000,0.9243345671217663,6,6,432,162,circuits/q10/prqc_q10_d12.qasm
10,13,0000000000,0.9359476048102899,6,7,472,177,circuits/q10/prqc_q10_d13.qasm
10,14,0000000000,0.9306361572250164,7,7,512,192,circuits/q10/prqc_q10_d14.qasm
10,15,0000000000,0.9401536021742286,7,8,544,204,circuits/q10/prqc_q10_d15.qasm
10,16,0000000000,0.933003506052746,8,8,576,216,circuits/q10/prqc_q10_d16.qasm
10,17,0000000000,0.7795945832827473,8,9,616,231,circuits/q10/prqc_q10_d17.qasm
10,18,0000000000,0.8581805797778663,9,9,656,246,circuits/q10/prqc_q10_d18.qasm
10,19,0000000000,0.7408817161881595,9,10,688,258,circuits/q10/prqc_q10_d19.qasm
10,20,0000000000,0.8397885056936497,10,10,720,270,circuits/q10/prqc_q10_d20.qasm
10,21,0000000000,0.7135912132143923,10,11,760,285,circuits/q10/prqc_q10_d21.qasm
10,22,0000000000,0.7277051164944486,11,11,800,300,circuits/q10/prqc_q10_d22.qasm
10,23,0000000000,0.6934805630625946,11,12,832,312,circuits/q10/prqc_q10_d23.qasm
10,24,0000000000,0.709660608320545,12,12,864,324,circuits/q10/prqc_q10_d24.qasm
10,25,0000000000,0.7034510049317522,12,13,904,339,circuits/q10/prqc_q10_d25.qasm
10,26,0000000000,0.7037074711491559,13,13,944,354,circuits/q10/prqc_q10_d26.qasm
10,27,0000000000,0.7164756691930873,13,14,976,366,circuits/q10/prqc_q10_d27.qasm
10,28,0000000000,0.7199419556846484,14,14,1008,378,circuits/q10/prqc_q10_d28.qasm
10,29,0000000000,0.7342183823057943,14,15,1048,393,circuits/q10/prqc_q10_d29.qasm
10,30,0000000000,0.7285042961081944,15,15,1088,408,circuits/q10/prqc_q10_d30.qasm
10,31,0000000000,0.7360514034121545,15,16,1120,420,circuits/q10/prqc_q10_d31.qasm
10,32,0000000000,0.7507279513409227,16,16,1152,432,circuits/q10/prqc_q10_d32.qasm
10,33,0000000000,0.7682724746757684,16,17,1192,447,circuits/q10/prqc_q10_d33.qasm
10,34,0000000000,0.7791876540222091,17,17,1232,462,circuits/q10/prqc_q10_d34.qasm
10,35,0000000000,0.7907039574134299,17,18,1264,474,circuits/q10/prqc_q10_d35.qasm
10,36,0000000000,0.7849559390556432,18,18,1296,486,circuits/q10/prqc_q10_d36.qasm
10,37,0000000000,0.8145231740394849,18,19,1336,501,circuits/q10/prqc_q10_d37.qasm
10,38,0000000000,0.813330192879822,19,19,1376,516,circuits/q10/prqc_q10_d38.qasm
10,39,0000000000,0.8297522110328777,19,20,1408,528,circuits/q10/prqc_q10_d39.qasm
10,40,0000000000,0.8324688192839089,20,20,1440,540,circuits/q10/prqc_q10_d40.qasm
10,41,0000000000,0.85015589283648,20,21,1480,555,circuits/q10/prqc_q10_d41.qasm
10,42,0000000000,0.8479818030817902,21,21,1520,570,circuits/q10/prqc_q10_d42.qasm
10,43,0000000000,0.8671525938547481,21,22,1552,582,circuits/q10/prqc_q10_d43.qasm
10,44,0000000000,0.8637392488559239,22,22,1584,594,circuits/q10/prqc_q10_d44.qasm
10,45,0000000000,0.8815046513815815,22,23,1624,609,circuits/q10/prqc_q10_d45.qasm
10,46,0000000000,0.8846584166808208,23,23,1664,624,circuits/q10/prqc_q10_d46.qasm
10,47,0000000000,0.8968940528169325,23,24,1696,636,circuits/q10/prqc_q10_d47.qasm
10,48,0000000000,0.894629298084424,24,24,1728,648,circuits/q10/prqc_q10_d48.qasm
10,49,0000000000,0.9111790336432646,24,25,1768,663,circuits/q10/prqc_q10_d49.qasm
10,50,0000000000,0.9082792697987729,25,25,1808,678,circuits/q10/prqc_q10_d50.qasm
11,2,00000000000,0.9999332747927066,1,1,80,30,circuits/q11/prqc_q11_d2.qasm
11,3,00000000000,0.9991723080070577,1,2,120,45,circuits/q11/prqc_q11_d3.qasm
11,4,00000000000,0.9990796017658689,2,2,160,60,circuits/q11/prqc_q11_d4.qasm
11,5,00000000000,0.9990963322360136,2,3,200,75,circuits/q11/prqc_q11_d5.qasm
11,6,00000000000,0.9990433870107163,3,3,240,90,circuits/q11/prqc_q11_d6.qasm
11,7,00000000000,0.9990005280684893,3,4,280,105,circuits/q11/prqc_q11_d7.qasm
11,8,00000000000,0.9990117188034864,4,4,320,120,circuits/q11/prqc_q11_d8.qasm
11,9,00000000000,0.9878940441820742,4,5,360,135,circuits/q11/prqc_q11_d9.qasm
11,10,00000000000,0.9879045108644832,5,5,400,150,circuits/q11/prqc_q11_d10.qasm
11,11,00000000000,0.8600005587455274,5,6,440,165,circuits/q11/prqc_q11_d11.qasm
11,12,00000000000,0.9533334363176064,6,6,480,180,circuits/q11/prqc_q11_d12.qasm
11,13,00000000000,0.9180555458780716,6,7,520,195,circuits/q11/prqc_q11_d13.qasm
11,14,00000000000,0.8112579769466374,7,7,560,210,circuits/q11/prqc_q11_d14.qasm
11,15,00000000000,0.7534565921393552,7,8,600,225,circuits/q11/prqc_q11_d15.qasm
11,16,00000000000,0.8928260418832681,8,8,640,240,circuits/q11/prqc_q11_d16.qasm
11,17,00000000000,0.7183020254318504,8,9,680,255,circuits/q11/prqc_q11_d17.qasm
11,18,00000000000,0.8878407984927182,9,9,720,270,circuits/q11/prqc_q11_d18.qasm
11,19,00000000000,0.760210684265142,9,10,760,285,circuits/q11/prqc_q11_d19.qasm
11,20,00000000000,0.80275136308877,10,10,800,300,circuits/q11/prqc_q11_d20.qasm
11,21,00000000000,0.6746271765161531,10,11,840,315,circuits/q11/prqc_q11_d21.qasm
11,22,00000000000,0.6824181270728283,11,11,880,330,circuits/q11/prqc_q11_d22.qasm
11,23,00000000000,0.7143708321133392,11,12,920,345,circuits/q11/prqc_q11_d23.qasm
11,24,00000000000,0.6313716240014431,12,12,960,360,circuits/q11/prqc_q11_d24.qasm
11,25,00000000000,0.5888345465858001,12,13,1000,375,circuits/q11/prqc_q11_d25.qasm
11,26,00000000000,0.5569717885586148,13,13,1040,390,circuits/q11/prqc_q11_d26.qasm
11,27,00000000000,0.5436017625603492,13,14,1080,405,circuits/q11/prqc_q11_d27.qasm
11,28,00000000000,0.5530527235048357,14,14,1120,420,circuits/q11/prqc_q11_d28.qasm
11,29,00000000000,0.5370103140859158,14,15,1160,435,circuits/q11/prqc_q11_d29.qasm
11,30,00000000000,0.5647918494124038,15,15,1200,450,circuits/q11/prqc_q11_d30.qasm
11,31,00000000000,0.5362628675358371,15,16,1240,465,circuits/q11/prqc_q11_d31.qasm
11,32,00000000000,0.539300746275451,16,16,1280,480,circuits/q11/prqc_q11_d32.qasm
11,33,00000000000,0.5447737081746961,16,17,1320,495,circuits/q11/prqc_q11_d33.qasm
11,34,00000000000,0.5570618282253776,17,17,1360,510,circuits/q11/prqc_q11_d34.qasm
11,35,00000000000,0.565541476047729,17,18,1400,525,circuits/q11/prqc_q11_d35.qasm
11,36,00000000000,0.5586257663048109,18,18,1440,540,circuits/q11/prqc_q11_d36.qasm
11,37,00000000000,0.583206959319833,18,19,1480,555,circuits/q11/prqc_q11_d37.qasm
11,38,00000000000,0.584132583280045,19,19,1520,570,circuits/q11/prqc_q11_d38.qasm
11,39,00000000000,0.6081609624432588,19,20,1560,585,circuits/q11/prqc_q11_d39.qasm
11,40,00000000000,0.5980336509161401,20,20,1600,600,circuits/q11/prqc_q11_d40.qasm
11,41,00000000000,0.622296759297213,20,21,1640,615,circuits/q11/prqc_q11_d41.qasm
11,42,00000000000,0.6235340970790465,21,21,1680,630,circuits/q11/prqc_q11_d42.qasm
11,43,00000000000,0.6434480139650672,21,22,1720,645,circuits/q11/prqc_q11_d43.qasm
11,44,00000000000,0.6416333583910419,22,22,1760,660,circuits/q11/prqc_q11_d44.qasm
11,45,00000000000,0.6550509941645255,22,23,1800,675,circuits/q11/prqc_q11_d45.qasm
11,46,00000000000,0.6590002358359603,23,23,1840,690,circuits/q11/prqc_q11_d46.qasm
11,47,00000000000,0.6717894384801433,23,24,1880,705,circuits/q11/prqc_q11_d47.qasm
11,48,00000000000,0.6727741964977025,24,24,1920,720,circuits/q11/prqc_q11_d48.qasm
11,49,00000000000,0.689706869085478,24,25,1960,735,circuits/q11/prqc_q11_d49.qasm
11,50,00000000000,0.6940604231259824,25,25,2000,750,circuits/q11/prqc_q11_d50.qasm
12,2,000000000000,0.9996429645641084,1,1,96,36,circuits/q12/prqc_q12_d2.qasm
12,3,000000000000,0.9992985823169555,1,2,136,51,circuits/q12/prqc_q12_d3.qasm
12,4,000000000000,0.9991065691472978,2,2,176,66,circuits/q12/prqc_q12_d4.qasm
12,5,000000000000,0.9990033822198674,2,3,224,84,circuits/q12/prqc_q12_d5.qasm
12,6,000000000000,0.9990232213377634,3,3,272,102,circuits/q12/prqc_q12_d6.qasm
12,7,000000000000,0.9990823137680335,3,4,312,117,circuits/q12/prqc_q12_d7.qasm
12,8,000000000000,0.9990056795727268,4,4,352,132,circuits/q12/prqc_q12_d8.qasm
12,9,000000000000,0.9990025936721618,4,5,400,150,circuits/q12/prqc_q12_d9.qasm
12,10,000000000000,0.9990099178791196,5,5,448,168,circuits/q12/prqc_q12_d10.qasm
12,11,000000000000,0.996264577530958,5,6,488,183,circuits/q12/prqc_q12_d11.qasm
12,12,000000000000,0.9951269054681126,6,6,528,198,circuits/q12/prqc_q12_d12.qasm
12,13,000000000000,0.7502681503982261,6,7,576,216,circuits/q12/prqc_q12_d13.qasm
12,14,000000000000,0.885167958100121,7,7,624,234,circuits/q12/prqc_q12_d14.qasm
12,15,000000000000,0.8235298192657481,7,8,664,249,circuits/q12/prqc_q12_d15.qasm
12,16,000000000000,0.9179152479906222,8,8,704,264,circuits/q12/prqc_q12_d16.qasm
12,17,000000000000,0.6761242666469502,8,9,752,282,circuits/q12/prqc_q12_d17.qasm
12,18,000000000000,0.7084841271664977,9,9,800,300,circuits/q12/prqc_q12_d18.qasm
12,19,000000000000,0.629457682872359,9,10,840,315,circuits/q12/prqc_q12_d19.qasm
12,20,000000000000,0.6924865356927079,10,10,880,330,circuits/q12/prqc_q12_d20.qasm
12,21,000000000000,0.6397280993621963,10,11,928,348,circuits/q12/prqc_q12_d21.qasm
12,22,000000000000,0.652546686387886,11,11,976,366,circuits/q12/prqc_q12_d22.qasm
12,23,000000000000,0.6366289516272792,11,12,1016,381,circuits/q12/prqc_q12_d23.qasm
12,24,000000000000,0.6416749004315008,12,12,1056,396,circuits/q12/prqc_q12_d24.qasm
12,25,000000000000,0.5481147636913037,12,13,1104,414,circuits/q12/prqc_q12_d25.qasm
12,26,000000000000,0.47359650650337387,13,13,1152,432,circuits/q12/prqc_q12_d26.qasm
12,27,000000000000,0.490579642335867,13,14,1192,447,circuits/q12/prqc_q12_d27.qasm
12,28,000000000000,0.4600520231583188,14,14,1232,462,circuits/q12/prqc_q12_d28.qasm
12,29,000000000000,0.4661149190303011,14,15,1280,480,circuits/q12/prqc_q12_d29.qasm
12,30,000000000000,0.41974779820108993,15,15,1328,498,circuits/q12/prqc_q12_d30.qasm
12,31,000000000000,0.3983438213093345,15,16,1368,513,circuits/q12/prqc_q12_d31.qasm
12,32,000000000000,0.3984403459592295,16,16,1408,528,circuits/q12/prqc_q12_d32.qasm
12,33,000000000000,0.38341613857537515,16,17,1456,546,circuits/q12/prqc_q12_d33.qasm
12,34,000000000000,0.3686144496386645,17,17,1504,564,circuits/q12/prqc_q12_d34.qasm
12,35,000000000000,0.37182676667491316,17,18,1544,579,circuits/q12/prqc_q12_d35.qasm
12,36,000000000000,0.36382247704967385,18,18,1584,594,circuits/q12/prqc_q12_d36.qasm
12,37,000000000000,0.37750921418656685,18,19,1632,612,circuits/q12/prqc_q12_d37.qasm
12,38,000000000000,0.37356944439300965,19,19,1680,630,circuits/q12/prqc_q12_d38.qasm
12,39,000000000000,0.38732269047965684,19,20,1720,645,circuits/q12/prqc_q12_d39.qasm
12,40,000000000000,0.3854553203342101,20,20,1760,660,circuits/q12/prqc_q12_d40.qasm
12,41,000000000000,0.4040230230531407,20,21,1808,678,circuits/q12/prqc_q12_d41.qasm
12,42,000000000000,0.40223623365171457,21,21,1856,696,circuits/q12/prqc_q12_d42.qasm
12,43,000000000000,0.41630726269714896,21,22,1896,711,circuits/q12/prqc_q12_d43.qasm
12,44,000000000000,0.4144820588441136,22,22,1936,726,circuits/q12/prqc_q12_d44.qasm
12,45,000000000000,0.4326921068124562,22,23,1984,744,circuits/q12/prqc_q12_d45.qasm
12,46,000000000000,0.4312915559510476,23,23,2032,762,circuits/q12/prqc_q12_d46.qasm
12,47,000000000000,0.44043434800613235,23,24,2072,777,circuits/q12/prqc_q12_d47.qasm
12,48,000000000000,0.4430344137031669,24,24,2112,792,circuits/q12/prqc_q12_d48.qasm
12,49,000000000000,0.4614395740526325,24,25,2160,810,circuits/q12/prqc_q12_d49.qasm
12,50,000000000000,0.4625722689564471,25,25,2208,828,circuits/q12/prqc_q12_d50.qasm
13,2,0000000000000,0.9996429645641084,1,1,96,36,circuits/q13/prqc_q13_d2.qasm
13,3,0000000000000,0.9990324241800375,1,2,144,54,circuits/q13/prqc_q13_d3.qasm
13,4,0000000000000,0.9990071129190117,2,2,192,72,circuits/q13/prqc_q13_d4.qasm
13,5,0000000000000,0.9990010185602386,2,3,228,84,circuits/q13/prqc_q13_d5.qasm
13,6,0000000000000,0.999030034174682,3,3,288,108,circuits/q13/prqc_q13_d6.qasm
13,7,0000000000000,0.9990272966751498,3,4,336,126,circuits/q13/prqc_q13_d7.qasm
13,8,0000000000000,0.9990016499294199,4,4,384,144,circuits/q13/prqc_q13_d8.qasm
13,9,0000000000000,0.996065879419614,4,5,432,162,circuits/q13/prqc_q13_d9.qasm
13,10,0000000000000,0.9990207202891304,5,5,480,180,circuits/q13/prqc_q13_d10.qasm
13,11,0000000000000,0.921111924087722,5,6,528,198,circuits/q13/prqc_q13_d11.qasm
13,12,0000000000000,0.9961804159055974,6,6,576,216,circuits/q13/prqc_q13_d12.qasm
13,13,0000000000000,0.6918882170360159,6,7,624,234,circuits/q13/prqc_q13_d13.qasm
13,14,0000000000000,0.9652124762592889,7,7,672,252,circuits/q13/prqc_q13_d14.qasm
13,15,0000000000000,0.6781882848042701,7,8,720,270,circuits/q13/prqc_q13_d15.qasm
13,16,0000000000000,0.706812969860903,8,8,768,288,circuits/q13/prqc_q13_d16.qasm
13,17,0000000000000,0.5722362127296236,8,9,816,306,circuits/q13/prqc_q13_d17.qasm
13,18,0000000000000,0.9424294707143749,9,9,864,324,circuits/q13/prqc_q13_d18.qasm
13,19,0000000000000,0.676338498413008,9,10,912,342,circuits/q13/prqc_q13_d19.qasm
13,20,0000000000000,0.5639763739985335,10,10,960,360,circuits/q13/prqc_q13_d20.qasm
13,21,0000000000000,0.5840901071685762,10,11,1008,378,circuits/q13/prqc_q13_d21.qasm
13,22,0000000000000,0.6006951691998988,11,11,1056,396,circuits/q13/prqc_q13_d22.qasm
13,23,0000000000000,0.5824742350504466,11,12,1104,414,circuits/q13/prqc_q13_d23.qasm
13,24,0000000000000,0.5922183658284532,12,12,1152,432,circuits/q13/prqc_q13_d24.qasm
13,25,0000000000000,0.5743275841100077,12,13,1200,450,circuits/q13/prqc_q13_d25.qasm
13,26,0000000000000,0.588052020674048,13,13,1248,468,circuits/q13/prqc_q13_d26.qasm
13,27,0000000000000,0.39563451061945837,13,14,1296,486,circuits/q13/prqc_q13_d27.qasm
13,28,0000000000000,0.5523298568137166,14,14,1344,504,circuits/q13/prqc_q13_d28.qasm
13,29,0000000000000,0.37477375981316835,14,15,1392,522,circuits/q13/prqc_q13_d29.qasm
13,30,0000000000000,0.37037238494101665,15,15,1440,540,circuits/q13/prqc_q13_d30.qasm
13,31,0000000000000,0.34284780331912734,15,16,1488,558,circuits/q13/prqc_q13_d31.qasm
13,32,0000000000000,0.36400811272685085,16,16,1536,576,circuits/q13/prqc_q13_d32.qasm
13,33,0000000000000,0.311277344351545,16,17,1584,594,circuits/q13/prqc_q13_d33.qasm
13,34,0000000000000,0.3352449557085349,17,17,1632,612,circuits/q13/prqc_q13_d34.qasm
13,35,0000000000000,0.29948492711815083,17,18,1680,630,circuits/q13/prqc_q13_d35.qasm
13,36,0000000000000,0.232452912163251,18,18,1728,648,circuits/q13/prqc_q13_d36.qasm
13,37,0000000000000,0.2384261456364364,18,19,1776,666,circuits/q13/prqc_q13_d37.qasm
13,38,0000000000000,0.24295946031697976,19,19,1824,684,circuits/q13/prqc_q13_d38.qasm
13,39,0000000000000,0.2355149101835182,19,20,1872,702,circuits/q13/prqc_q13_d39.qasm
13,40,0000000000000,0.23493956404629826,20,20,1920,720,circuits/q13/prqc_q13_d40.qasm
13,41,0000000000000,0.24413880343919986,20,21,1968,738,circuits/q13/prqc_q13_d41.qasm
13,42,0000000000000,0.24714641560413536,21,21,2016,756,circuits/q13/prqc_q13_d42.qasm
13,43,0000000000000,0.2518429018903857,21,22,2064,774,circuits/q13/prqc_q13_d43.qasm
13,44,0000000000000,0.25379148798425,22,22,2112,792,circuits/q13/prqc_q13_d44.qasm
13,45,0000000000000,0.25816787660436896,22,23,2160,810,circuits/q13/prqc_q13_d45.qasm
13,46,0000000000000,0.26230874036108326,23,23,2208,828,circuits/q13/prqc_q13_d46.qasm
13,47,0000000000000,0.2718187864818975,23,24,2256,846,circuits/q13/prqc_q13_d47.qasm
13,48,0000000000000,0.2702069841466482,24,24,2304,864,circuits/q13/prqc_q13_d48.qasm
13,49,0000000000000,0.280857016186348,24,25,2352,882,circuits/q13/prqc_q13_d49.qasm
13,50,0000000000000,0.27959602048657267,25,25,2400,900,circuits/q13/prqc_q13_d50.qasm
14,2,00000000000000,0.9992053365545935,1,1,112,42,circuits/q14/prqc_q14_d2.qasm
14,3,00000000000000,0.9991255984874312,1,2,160,60,circuits/q14/prqc_q14_d3.qasm
14,4,00000000000000,0.999017224714532,2,2,208,78,circuits/q14/prqc_q14_d4.qasm
14,5,00000000000000,0.9990159277729272,2,3,264,99,circuits/q14/prqc_q14_d5.qasm
14,6,00000000000000,0.9990082668415986,3,3,320,120,circuits/q14/prqc_q14_d6.qasm
14,7,00000000000000,0.9990078148166358,3,4,368,138,circuits/q14/prqc_q14_d7.qasm
14,8,00000000000000,0.9990592675431209,4,4,416,156,circuits/q14/prqc_q14_d8.qasm
14,9,00000000000000,0.999053271407216,4,5,472,177,circuits/q14/prqc_q14_d9.qasm
14,10,00000000000000,0.9955785485996717,5,5,528,198,circuits/q14/prqc_q14_d10.qasm
14,11,00000000000000,0.9990227867625306,5,6,576,216,circuits/q14/prqc_q14_d11.qasm
14,12,00000000000000,0.9990235552887534,6,6,624,234,circuits/q14/prqc_q14_d12.qasm
14,13,00000000000000,0.9383051591791277,6,7,680,255,circuits/q14/prqc_q14_d13.qasm
14,14,00000000000000,0.9968514011885302,7,7,736,276,circuits/q14/prqc_q14_d14.qasm
14,15,00000000000000,0.6243860974266654,7,8,784,294,circuits/q14/prqc_q14_d15.qasm
14,16,00000000000000,0.626824323213574,8,8,832,312,circuits/q14/prqc_q14_d16.qasm
14,17,00000000000000,0.7461429473471393,8,9,888,333,circuits/q14/prqc_q14_d17.qasm
14,18,00000000000000,0.6847294689935226,9,9,944,354,circuits/q14/prqc_q14_d18.qasm
14,19,00000000000000,0.5159394732668071,9,10,992,372,circuits/q14/prqc_q14_d19.qasm
14,20,00000000000000,0.5496939422528534,10,10,1040,390,circuits/q14/prqc_q14_d20.qasm
14,21,00000000000000,0.641647572330392,10,11,1096,411,circuits/q14/prqc_q14_d21.qasm
14,22,00000000000000,0.5160760183263957,11,11,1152,432,circuits/q14/prqc_q14_d22.qasm
14,23,00000000000000,0.4858092163138802,11,12,1200,450,circuits/q14/prqc_q14_d23.qasm
14,24,00000000000000,0.5161118552914782,12,12,1248,468,circuits/q14/prqc_q14_d24.qasm
14,25,00000000000000,0.45741368411889327,12,13,1304,489,circuits/q14/prqc_q14_d25.qasm
14,26,00000000000000,0.501698237471899,13,13,1360,510,circuits/q14/prqc_q14_d26.qasm
14,27,00000000000000,0.46320694522649225,13,14,1408,528,circuits/q14/prqc_q14_d27.qasm
14,28,00000000000000,0.46039114965599914,14,14,1456,546,circuits/q14/prqc_q14_d28.qasm
14,29,00000000000000,0.2746989302951793,14,15,1512,567,circuits/q14/prqc_q14_d29.qasm
14,30,00000000000000,0.286614152285083,15,15,1568,588,circuits/q14/prqc_q14_d30.qasm
14,31,00000000000000,0.2519699051486017,15,16,1616,606,circuits/q14/prqc_q14_d31.qasm
14,32,00000000000000,0.30451562666604026,16,16,1664,624,circuits/q14/prqc_q14_d32.qasm
14,33,00000000000000,0.24670834300269737,16,17,1720,645,circuits/q14/prqc_q14_d33.qasm
14,34,00000000000000,0.25057425729617083,17,17,1776,666,circuits/q14/prqc_q14_d34.qasm
14,35,00000000000000,0.22002577946229754,17,18,1824,684,circuits/q14/prqc_q14_d35.qasm
14,36,00000000000000,0.21360324263278804,18,18,1872,702,circuits/q14/prqc_q14_d36.qasm
14,37,00000000000000,0.1547959797377064,18,19,1928,723,circuits/q14/prqc_q14_d37.qasm
14,38,00000000000000,0.22269077904716553,19,19,1984,744,circuits/q14/prqc_q14_d38.qasm
14,39,00000000000000,0.14106810303148667,19,20,2032,762,circuits/q14/prqc_q14_d39.qasm
14,40,00000000000000,0.136501904027958,20,20,2080,780,circuits/q14/prqc_q14_d40.qasm
14,41,00000000000000,0.1425245786803902,20,21,2136,801,circuits/q14/prqc_q14_d41.qasm
14,42,00000000000000,0.14629395908636475,21,21,2192,822,circuits/q14/prqc_q14_d42.qasm
14,43,00000000000000,0.14531851908310248,21,22,2240,840,circuits/q14/prqc_q14_d43.qasm
14,44,00000000000000,0.14547974567521507,22,22,2288,858,circuits/q14/prqc_q14_d44.qasm
14,45,00000000000000,0.1498262588336781,22,23,2344,879,circuits/q14/prqc_q14_d45.qasm
14,46,00000000000000,0.15404846349136128,23,23,2400,900,circuits/q14/prqc_q14_d46.qasm
14,47,00000000000000,0.15734493439404382,23,24,2448,918,circuits/q14/prqc_q14_d47.qasm
14,48,00000000000000,0.15492525170717908,24,24,2496,936,circuits/q14/prqc_q14_d48.qasm
14,49,00000000000000,0.16201686859410863,24,25,2552,957,circuits/q14/prqc_q14_d49.qasm
14,50,00000000000000,0.16326452583946655,25,25,2608,978,circuits/q14/prqc_q14_d50.qasm
15,2,000000000000000,0.9992053365545935,1,1,112,42,circuits/q15/prqc_q15_d2.qasm
15,3,000000000000000,0.9990861231391035,1,2,168,63,circuits/q15/prqc_q15_d3.qasm
15,4,000000000000000,0.9990099629759198,2,2,224,84,circuits/q15/prqc_q15_d4.qasm
15,5,000000000000000,0.9990208844412282,2,3,280,105,circuits/q15/prqc_q15_d5.qasm
15,6,000000000000000,0.9990462297972916,3,3,336,126,circuits/q15/prqc_q15_d6.qasm
15,7,000000000000000,0.9990096493157253,3,4,392,147,circuits/q15/prqc_q15_d7.qasm
15,8,000000000000000,0.9990230376644519,4,4,448,168,circuits/q15/prqc_q15_d8.qasm
15,9,000000000000000,0.999003335952827,4,5,502,188,circuits/q15/prqc_q15_d9.qasm
15,10,000000000000000,0.9990186910863608,5,5,560,210,circuits/q15/prqc_q15_d10.qasm
15,11,000000000000000,0.941781092623081,5,6,616,231,circuits/q15/prqc_q15_d11.qasm
15,12,000000000000000,0.9957048048758753,6,6,672,252,circuits/q15/prqc_q15_d12.qasm
15,13,000000000000000,0.9809697499125213,6,7,728,273,circuits/q15/prqc_q15_d13.qasm
15,14,000000000000000,0.9274297628346679,7,7,784,294,circuits/q15/prqc_q15_d14.qasm
15,15,000000000000000,0.5930132440022409,7,8,840,315,circuits/q15/prqc_q15_d15.qasm
15,16,000000000000000,0.5343288122764276,8,8,896,336,circuits/q15/prqc_q15_d16.qasm
15,17,000000000000000,0.591413605055434,8,9,952,357,circuits/q15/prqc_q15_d17.qasm
15,18,000000000000000,0.5966450389483533,9,9,1008,378,circuits/q15/prqc_q15_d18.qasm
15,19,000000000000000,0.4655473851752962,9,10,1064,399,circuits/q15/prqc_q15_d19.qasm
15,20,000000000000000,0.5910231976486552,10,10,1120,420,circuits/q15/prqc_q15_d20.qasm
15,21,000000000000000,0.5872900803401713,10,11,1176,441,circuits/q15/prqc_q15_d21.qasm
15,22,000000000000000,0.5971089073530947,11,11,1232,462,circuits/q15/prqc_q15_d22.qasm
15,23,000000000000000,0.5314355885962647,11,12,1288,483,circuits/q15/prqc_q15_d23.qasm
15,24,000000000000000,0.5976965677039793,12,12,1344,504,circuits/q15/prqc_q15_d24.qasm
15,25,000000000000000,0.3997482108444665,12,13,1400,525,circuits/q15/prqc_q15_d25.qasm
15,26,000000000000000,0.4627095697043936,13,13,1456,546,circuits/q15/prqc_q15_d26.qasm
15,27,000000000000000,0.37685904826883165,13,14,1512,567,circuits/q15/prqc_q15_d27.qasm
15,28,000000000000000,0.41789213139926384,14,14,1568,588,circuits/q15/prqc_q15_d28.qasm
15,29,000000000000000,0.43414934688490875,14,15,1624,609,circuits/q15/prqc_q15_d29.qasm
15,30,000000000000000,0.3382004168222087,15,15,1680,630,circuits/q15/prqc_q15_d30.qasm
15,31,000000000000000,0.31491283116002794,15,16,1736,651,circuits/q15/prqc_q15_d31.qasm
15,32,000000000000000,0.2531518466987387,16,16,1792,672,circuits/q15/prqc_q15_d32.qasm
15,33,000000000000000,0.2735556924769148,16,17,1848,693,circuits/q15/prqc_q15_d33.qasm
15,34,000000000000000,0.2680826967766511,17,17,1904,714,circuits/q15/prqc_q15_d34.qasm
15,35,000000000000000,0.17645265974948304,17,18,1960,735,circuits/q15/prqc_q15_d35.qasm
15,36,000000000000000,0.166804979400131,18,18,2016,756,circuits/q15/prqc_q15_d36.qasm
15,37,000000000000000,0.16774298484829056,18,19,2072,777,circuits/q15/prqc_q15_d37.qasm
15,38,000000000000000,0.15571743795055287,19,19,2128,798,circuits/q15/prqc_q15_d38.qasm
15,39,000000000000000,0.14709590370057374,19,20,2184,819,circuits/q15/prqc_q15_d39.qasm
15,40,000000000000000,0.11083926080939044,20,20,2240,840,circuits/q15/prqc_q15_d40.qasm
15,41,000000000000000,0.15770772444236117,20,21,2296,861,circuits/q15/prqc_q15_d41.qasm
15,42,000000000000000,0.08169232230662905,21,21,2352,882,circuits/q15/prqc_q15_d42.qasm
15,43,000000000000000,0.08290081205395296,21,22,2408,903,circuits/q15/prqc_q15_d43.qasm
15,44,000000000000000,0.08470360475331754,22,22,2464,924,circuits/q15/prqc_q15_d44.qasm
15,45,000000000000000,0.08445801996525111,22,23,2520,945,circuits/q15/prqc_q15_d45.qasm
15,46,000000000000000,0.08622757176901973,23,23,2576,966,circuits/q15/prqc_q15_d46.qasm
15,47,000000000000000,0.08758473227971915,23,24,2632,987,circuits/q15/prqc_q15_d47.qasm
15,48,000000000000000,0.08760238912314795,24,24,2688,1008,circuits/q15/prqc_q15_d48.qasm
15,49,000000000000000,0.09043802758782245,24,25,2744,1029,circuits/q15/prqc_q15_d49.qasm
15,50,000000000000000,0.09134109607967002,25,25,2800,1050,circuits/q15/prqc_q15_d50.qasm
16,2,0000000000000000,0.999285441921386,1,1,128,48,circuits/q16/prqc_q16_d2.qasm
16,3,0000000000000000,0.999039421012822,1,2,184,69,circuits/q16/prqc_q16_d3.qasm
16,4,0000000000000000,0.9990171695075853,2,2,240,90,circuits/q16/prqc_q16_d4.qasm
16,5,0000000000000000,0.9990407412173592,2,3,304,114,circuits/q16/prqc_q16_d5.qasm
16,6,0000000000000000,0.9990264263097622,3,3,368,138,circuits/q16/prqc_q16_d6.qasm
16,7,0000000000000000,0.9990181919968668,3,4,424,159,circuits/q16/prqc_q16_d7.qasm
16,8,0000000000000000,0.9990050882997663,4,4,480,180,circuits/q16/prqc_q16_d8.qasm
16,9,0000000000000000,0.9958334194918093,4,5,544,204,circuits/q16/prqc_q16_d9.qasm
16,10,0000000000000000,0.9960620390520748,5,5,608,228,circuits/q16/prqc_q16_d10.qasm
16,11,0000000000000000,0.9957249961177177,5,6,664,249,circuits/q16/prqc_q16_d11.qasm
16,12,0000000000000000,0.9990233431522114,6,6,720,270,circuits/q16/prqc_q16_d12.qasm
16,13,0000000000000000,0.8644699188368437,6,7,784,294,circuits/q16/prqc_q16_d13.qasm
16,14,0000000000000000,0.8802865635183039,7,7,848,318,circuits/q16/prqc_q16_d14.qasm
16,15,0000000000000000,0.565717264817629,7,8,904,339,circuits/q16/prqc_q16_d15.qasm
16,16,0000000000000000,0.8988880296714193,8,8,960,360,circuits/q16/prqc_q16_d16.qasm
16,17,0000000000000000,0.5733735273997531,8,9,1024,384,circuits/q16/prqc_q16_d17.qasm
16,18,0000000000000000,0.690730586851191,9,9,1088,408,circuits/q16/prqc_q16_d18.qasm
16,19,0000000000000000,0.4936066737666133,9,10,1144,429,circuits/q16/prqc_q16_d19.qasm
16,20,0000000000000000,0.49002728388223704,10,10,1200,450,circuits/q16/prqc_q16_d20.qasm
16,21,0000000000000000,0.5143452405057588,10,11,1264,474,circuits/q16/prqc_q16_d21.qasm
16,22,0000000000000000,0.5007428462192084,11,11,1328,498,circuits/q16/prqc_q16_d22.qasm
16,23,0000000000000000,0.5075571939886624,11,12,1384,519,circuits/q16/prqc_q16_d23.qasm
16,24,0000000000000000,0.4708171067665685,12,12,1440,540,circuits/q16/prqc_q16_d24.qasm
16,25,0000000000000000,0.4419962324648697,12,13,1504,564,circuits/q16/prqc_q16_d25.qasm
16,26,0000000000000000,0.282438382540376,13,13,1568,588,circuits/q16/prqc_q16_d26.qasm
16,27,0000000000000000,0.28368520488959575,13,14,1624,609,circuits/q16/prqc_q16_d27.qasm
16,28,0000000000000000,0.2806080703251559,14,14,1680,630,circuits/q16/prqc_q16_d28.qasm
16,29,0000000000000000,0.2675627009986697,14,15,1744,654,circuits/q16/prqc_q16_d29.qasm
16,30,0000000000000000,0.25538160964768,15,15,1808,678,circuits/q16/prqc_q16_d30.qasm
16,31,0000000000000000,0.2158532313336902,15,16,1864,699,circuits/q16/prqc_q16_d31.qasm
16,32,0000000000000000,0.19669769455211106,16,16,1920,720,circuits/q16/prqc_q16_d32.qasm
16,33,0000000000000000,0.2126147768678318,16,17,1984,744,circuits/q16/prqc_q16_d33.qasm
16,34,0000000000000000,0.20973246653314737,17,17,2048,768,circuits/q16/prqc_q16_d34.qasm
16,35,0000000000000000,0.15364565379230202,17,18,2104,789,circuits/q16/prqc_q16_d35.qasm
16,36,0000000000000000,0.22151575054713776,18,18,2160,810,circuits/q16/prqc_q16_d36.qasm
16,37,0000000000000000,0.14134944351830606,18,19,2224,834,circuits/q16/prqc_q16_d37.qasm
16,38,0000000000000000,0.17781693992633066,19,19,2288,858,circuits/q16/prqc_q16_d38.qasm
16,39,0000000000000000,0.11663322572416959,19,20,2344,879,circuits/q16/prqc_q16_d39.qasm
16,40,0000000000000000,0.1040069707393551,20,20,2400,900,circuits/q16/prqc_q16_d40.qasm
16,41,0000000000000000,0.10408954311821188,20,21,2464,924,circuits/q16/prqc_q16_d41.qasm
16,42,0000000000000000,0.10751231765553318,21,21,2528,948,circuits/q16/prqc_q16_d42.qasm
16,43,0000000000000000,0.0995719813726941,21,22,2584,969,circuits/q16/prqc_q16_d43.qasm
16,44,0000000000000000,0.04990873226797014,22,22,2640,990,circuits/q16/prqc_q16_d44.qasm
16,45,0000000000000000,0.04775397572291577,22,23,2704,1014,circuits/q16/prqc_q16_d45.qasm
16,46,0000000000000000,0.04728726917508208,23,23,2768,1038,circuits/q16/prqc_q16_d46.qasm
16,47,0000000000000000,0.04813751632478317,23,24,2824,1059,circuits/q16/prqc_q16_d47.qasm
16,48,0000000000000000,0.04757636462291774,24,24,2880,1080,circuits/q16/prqc_q16_d48.qasm
16,49,0000000000000000,0.04992631806039298,24,25,2944,1104,circuits/q16/prqc_q16_d49.qasm
16,50,0000000000000000,0.04978772725066461,25,25,3008,1128,circuits/q16/prqc_q16_d50.qasm
17,2,00000000000000000,0.999285441921386,1,1,128,48,circuits/q17/prqc_q17_d2.qasm
17,3,00000000000000000,0.9990003084231401,1,2,168,60,circuits/q17/prqc_q17_d3.qasm
17,4,00000000000000000,0.9990062935897037,2,2,256,96,circuits/q17/prqc_q17_d4.qasm
17,5,00000000000000000,0.9990051863882805,2,3,302,111,circuits/q17/prqc_q17_d5.qasm
17,6,00000000000000000,0.9990619438392477,3,3,384,144,circuits/q17/prqc_q17_d6.qasm
17,7,00000000000000000,0.9990027025464201,3,4,446,167,circuits/q17/prqc_q17_d7.qasm
17,8,00000000000000000,0.9990212925855562,4,4,512,192,circuits/q17/prqc_q17_d8.qasm
17,9,00000000000000000,0.9953901103014972,4,5,576,216,circuits/q17/prqc_q17_d9.qasm
17,10,00000000000000000,0.9959129263063937,5,5,640,240,circuits/q17/prqc_q17_d10.qasm
17,11,00000000000000000,0.9957713928020135,5,6,704,264,circuits/q17/prqc_q17_d11.qasm
17,12,00000000000000000,0.9990062860206358,6,6,768,288,circuits/q17/prqc_q17_d12.qasm
17,13,00000000000000000,0.9357365981894258,6,7,832,312,circuits/q17/prqc_q17_d13.qasm
17,14,00000000000000000,0.9961567921654991,7,7,896,336,circuits/q17/prqc_q17_d14.qasm
17,15,00000000000000000,0.8609942038835743,7,8,960,360,circuits/q17/prqc_q17_d15.qasm
17,16,00000000000000000,0.7145680940119491,8,8,1024,384,circuits/q17/prqc_q17_d16.qasm
17,17,00000000000000000,0.4700795891450181,8,9,1088,408,circuits/q17/prqc_q17_d17.qasm
17,18,00000000000000000,0.5273910480410721,9,9,1152,432,circuits/q17/prqc_q17_d18.qasm
17,19,00000000000000000,0.34766651987198127,9,10,1216,456,circuits/q17/prqc_q17_d19.qasm
17,20,00000000000000000,0.4950771352935415,10,10,1280,480,circuits/q17/prqc_q17_d20.qasm
17,21,00000000000000000,0.5773628195133954,10,11,1344,504,circuits/q17/prqc_q17_d21.qasm
17,22,00000000000000000,0.5234682020254802,11,11,1408,528,circuits/q17/prqc_q17_d22.qasm
17,23,00000000000000000,0.38977315204671525,11,12,1472,552,circuits/q17/prqc_q17_d23.qasm
17,24,00000000000000000,0.3664307375498499,12,12,1536,576,circuits/q17/prqc_q17_d24.qasm
17,25,00000000000000000,0.37377180100056856,12,13,1600,600,circuits/q17/prqc_q17_d25.qasm
17,26,00000000000000000,0.3847370308416523,13,13,1664,624,circuits/q17/prqc_q17_d26.qasm
17,27,00000000000000000,0.1981359279815921,13,14,1728,648,circuits/q17/prqc_q17_d27.qasm
17,28,00000000000000000,0.2914567699177154,14,14,1792,672,circuits/q17/prqc_q17_d28.qasm
17,29,00000000000000000,0.20482482801044805,14,15,1856,696,circuits/q17/prqc_q17_d29.qasm
17,30,00000000000000000,0.1688015046596953,15,15,1920,720,circuits/q17/prqc_q17_d30.qasm
17,31,00000000000000000,0.20121639687464782,15,16,1984,744,circuits/q17/prqc_q17_d31.qasm
17,32,00000000000000000,0.17461774739550548,16,16,2048,768,circuits/q17/prqc_q17_d32.qasm
17,33,00000000000000000,0.18990763520454415,16,17,2112,792,circuits/q17/prqc_q17_d33.qasm
17,34,00000000000000000,0.17961384672169178,17,17,2176,816,circuits/q17/prqc_q17_d34.qasm
17,35,00000000000000000,0.12396511909315737,17,18,2240,840,circuits/q17/prqc_q17_d35.qasm
17,36,00000000000000000,0.12330997547799494,18,18,2304,864,circuits/q17/prqc_q17_d36.qasm
17,37,00000000000000000,0.11372479752495986,18,19,2368,888,circuits/q17/prqc_q17_d37.qasm
17,38,00000000000000000,0.11818581109037646,19,19,2432,912,circuits/q17/prqc_q17_d38.qasm
17,39,00000000000000000,0.08525808157933033,19,20,2496,936,circuits/q17/prqc_q17_d39.qasm
17,40,00000000000000000,0.0986128023337583,20,20,2560,960,circuits/q17/prqc_q17_d40.qasm
17,41,00000000000000000,0.0896427723965447,20,21,2624,984,circuits/q17/prqc_q17_d41.qasm
17,42,00000000000000000,0.09066409073307617,21,21,2688,1008,circuits/q17/prqc_q17_d42.qasm
17,43,00000000000000000,0.08195622264875045,21,22,2752,1032,circuits/q17/prqc_q17_d43.qasm
17,44,00000000000000000,0.0823763748617555,22,22,2816,1056,circuits/q17/prqc_q17_d44.qasm
17,45,00000000000000000,0.025531541305362396,22,23,2880,1080,circuits/q17/prqc_q17_d45.qasm
17,46,00000000000000000,0.08454989828888355,23,23,2944,1104,circuits/q17/prqc_q17_d46.qasm
17,47,00000000000000000,0.026375305224481716,23,24,3008,1128,circuits/q17/prqc_q17_d47.qasm
17,48,00000000000000000,0.026179830210660913,24,24,3072,1152,circuits/q17/prqc_q17_d48.qasm
17,49,00000000000000000,0.02679421866247177,24,25,3136,1176,circuits/q17/prqc_q17_d49.qasm
17,50,00000000000000000,0.027202418295839536,25,25,3200,1200,circuits/q17/prqc_q17_d50.qasm
18,2,000000000000000000,0.9990053106255816,1,1,144,54,circuits/q18/prqc_q18_d2.qasm
18,3,000000000000000000,0.9990031773670086,1,2,192,70,circuits/q18/prqc_q18_d3.qasm
18,4,000000000000000000,0.9990484130416042,2,2,272,102,circuits/q18/prqc_q18_d4.qasm
18,5,000000000000000000,0.9990560977504963,2,3,344,129,circuits/q18/prqc_q18_d5.qasm
18,6,000000000000000000,0.9990029883963851,3,3,416,156,circuits/q18/prqc_q18_d6.qasm
18,7,000000000000000000,0.9990085912684973,3,4,478,179,circuits/q18/prqc_q18_d7.qasm
18,8,000000000000000000,0.9990105505459078,4,4,544,204,circuits/q18/prqc_q18_d8.qasm
18,9,000000000000000000,0.9917281286352293,4,5,616,231,circuits/q18/prqc_q18_d9.qasm
18,10,000000000000000000,0.9916642795025817,5,5,688,258,circuits/q18/prqc_q18_d10.qasm
18,11,000000000000000000,0.995119869461686,5,6,752,282,circuits/q18/prqc_q18_d11.qasm
18,12,000000000000000000,0.9990050851554476,6,6,816,306,circuits/q18/prqc_q18_d12.qasm
18,13,000000000000000000,0.9963196446629251,6,7,886,332,circuits/q18/prqc_q18_d13.qasm
18,14,000000000000000000,0.9933146783201775,7,7,960,360,circuits/q18/prqc_q18_d14.qasm
18,15,000000000000000000,0.7489218601946706,7,8,1024,384,circuits/q18/prqc_q18_d15.qasm
18,16,000000000000000000,0.9324135548687619,8,8,1088,408,circuits/q18/prqc_q18_d16.qasm
18,17,000000000000000000,0.46523889858985595,8,9,1160,435,circuits/q18/prqc_q18_d17.qasm
18,18,000000000000000000,0.4686913396529296,9,9,1232,462,circuits/q18/prqc_q18_d18.qasm
18,19,000000000000000000,0.38809241620502244,9,10,1296,486,circuits/q18/prqc_q18_d19.qasm
18,20,000000000000000000,0.5315474550162279,10,10,1360,510,circuits/q18/prqc_q18_d20.qasm
18,21,000000000000000000,0.4919201588730766,10,11,1432,537,circuits/q18/prqc_q18_d21.qasm
18,22,000000000000000000,0.3174545308695034,11,11,1504,564,circuits/q18/prqc_q18_d22.qasm
18,23,000000000000000000,0.3005651394096053,11,12,1568,588,circuits/q18/prqc_q18_d23.qasm
18,24,000000000000000000,0.4854379957520318,12,12,1632,612,circuits/q18/prqc_q18_d24.qasm
18,25,000000000000000000,0.29137748209536035,12,13,1704,639,circuits/q18/prqc_q18_d25.qasm
18,26,000000000000000000,0.2776869003883881,13,13,1776,666,circuits/q18/prqc_q18_d26.qasm
18,27,000000000000000000,0.21948448730951303,13,14,1840,690,circuits/q18/prqc_q18_d27.qasm
18,28,000000000000000000,0.2878288907975598,14,14,1904,714,circuits/q18/prqc_q18_d28.qasm
18,29,000000000000000000,0.3028751350010852,14,15,1976,741,circuits/q18/prqc_q18_d29.qasm
18,30,000000000000000000,0.1337902670378429,15,15,2048,768,circuits/q18/prqc_q18_d30.qasm
18,31,000000000000000000,0.10630577703518232,15,16,2112,792,circuits/q18/prqc_q18_d31.qasm
18,32,000000000000000000,0.12940146466946062,16,16,2176,816,circuits/q18/prqc_q18_d32.qasm
18,33,000000000000000000,0.11023538551336946,16,17,2248,843,circuits/q18/prqc_q18_d33.qasm
18,34,000000000000000000,0.10830018441728473,17,17,2320,870,circuits/q18/prqc_q18_d34.qasm
18,35,000000000000000000,0.1066879637779135,17,18,2384,894,circuits/q18/prqc_q18_d35.qasm
18,36,000000000000000000,0.10465294664864158,18,18,2448,918,circuits/q18/prqc_q18_d36.qasm
18,37,000000000000000000,0.07948852610563886,18,19,2520,945,circuits/q18/prqc_q18_d37.qasm
18,38,000000000000000000,0.10591859913761777,19,19,2592,972,circuits/q18/prqc_q18_d38.qasm
18,39,000000000000000000,0.1032064410211181,19,20,2656,996,circuits/q18/prqc_q18_d39.qasm
18,40,000000000000000000,0.09387481963522806,20,20,2720,1020,circuits/q18/prqc_q18_d40.qasm
18,41,000000000000000000,0.07616465553200365,20,21,2792,1047,circuits/q18/prqc_q18_d41.qasm
18,42,000000000000000000,0.0690569292194184,21,21,2864,1074,circuits/q18/prqc_q18_d42.qasm
18,43,000000000000000000,0.06593264546529123,21,22,2928,1098,circuits/q18/prqc_q18_d43.qasm
18,44,000000000000000000,0.06996738932312402,22,22,2992,1122,circuits/q18/prqc_q18_d44.qasm
18,45,000000000000000000,0.04319766212062819,22,23,3064,1149,circuits/q18/prqc_q18_d45.qasm
18,46,000000000000000000,0.04250418385532384,23,23,3136,1176,circuits/q18/prqc_q18_d46.qasm
18,47,000000000000000000,0.014506263431387681,23,24,3200,1200,circuits/q18/prqc_q18_d47.qasm
18,48,000000000000000000,0.01441829791034675,24,24,3264,1224,circuits/q18/prqc_q18_d48.qasm
18,49,000000000000000000,0.014714331449690532,24,25,3336,1251,circuits/q18/prqc_q18_d49.qasm
18,50,000000000000000000,0.014439337640170358,25,25,3408,1278,circuits/q18/prqc_q18_d50.qasm
19,2,0000000000000000000,0.9990481371045618,1,1,144,54,circuits/q19/prqc_q19_d2.qasm
19,3,0000000000000000000,0.9990042396521706,1,2,216,81,circuits/q19/prqc_q19_d3.qasm
19,4,0000000000000000000,0.9990039025985343,2,2,288,108,circuits/q19/prqc_q19_d4.qasm
19,5,0000000000000000000,0.9990045490283787,2,3,360,135,circuits/q19/prqc_q19_d5.qasm
19,6,0000000000000000000,0.9990015426189353,3,3,432,162,circuits/q19/prqc_q19_d6.qasm
19,7,0000000000000000000,0.9990284699214758,3,4,504,189,circuits/q19/prqc_q19_d7.qasm
19,8,0000000000000000000,0.9990052320272533,4,4,576,216,circuits/q19/prqc_q19_d8.qasm
19,9,0000000000000000000,0.9952436630621262,4,5,648,243,circuits/q19/prqc_q19_d9.qasm
19,10,0000000000000000000,0.9958659097386646,5,5,720,270,circuits/q19/prqc_q19_d10.qasm
19,11,0000000000000000000,0.9935128281977483,5,6,792,297,circuits/q19/prqc_q19_d11.qasm
19,12,0000000000000000000,0.999003111018757,6,6,864,324,circuits/q19/prqc_q19_d12.qasm
19,13,0000000000000000000,0.972964543745958,6,7,936,351,circuits/q19/prqc_q19_d13.qasm
19,14,0000000000000000000,0.9780341127265183,7,7,1008,378,circuits/q19/prqc_q19_d14.qasm
19,15,0000000000000000000,0.6375235777349251,7,8,1080,405,circuits/q19/prqc_q19_d15.qasm
19,16,0000000000000000000,0.9978447667055753,8,8,1152,432,circuits/q19/prqc_q19_d16.qasm
19,17,0000000000000000000,0.560225454819852,8,9,1224,459,circuits/q19/prqc_q19_d17.qasm
19,18,0000000000000000000,0.7695970539132627,9,9,1296,486,circuits/q19/prqc_q19_d18.qasm
19,19,0000000000000000000,0.23606940361244183,9,10,1368,513,circuits/q19/prqc_q19_d19.qasm
19,20,0000000000000000000,0.6251652558743235,10,10,1440,540,circuits/q19/prqc_q19_d20.qasm
19,21,0000000000000000000,0.39337866300356367,10,11,1512,567,circuits/q19/prqc_q19_d21.qasm
19,22,0000000000000000000,0.24155742037538488,11,11,1584,594,circuits/q19/prqc_q19_d22.qasm
19,23,0000000000000000000,0.2345509785717111,11,12,1656,621,circuits/q19/prqc_q19_d23.qasm
19,24,0000000000000000000,0.19679155698957446,12,12,1728,648,circuits/q19/prqc_q19_d24.qasm
19,25,0000000000000000000,0.21481093214432787,12,13,1800,675,circuits/q19/prqc_q19_d25.qasm
19,26,0000000000000000000,0.16467217217949306,13,13,1872,702,circuits/q19/prqc_q19_d26.qasm
19,27,0000000000000000000,0.1672664605851963,13,14,1944,729,circuits/q19/prqc_q19_d27.qasm
19,28,0000000000000000000,0.15300631648468463,14,14,2016,756,circuits/q19/prqc_q19_d28.qasm
19,29,0000000000000000000,0.09796903544808239,14,15,2088,783,circuits/q19/prqc_q19_d29.qasm
19,30,0000000000000000000,0.1596652120932693,15,15,2160,810,circuits/q19/prqc_q19_d30.qasm
19,31,0000000000000000000,0.10396648792552053,15,16,2232,837,circuits/q19/prqc_q19_d31.qasm
19,32,0000000000000000000,0.09836493321246444,15,16,2304,864,circuits/q19/prqc_q19_d32.qasm
19,33,0000000000000000000,0.07476623699938405,16,17,2376,891,circuits/q19/prqc_q19_d33.qasm
19,34,0000000000000000000,0.08253944738302613,17,17,2448,918,circuits/q19/prqc_q19_d34.qasm
19,35,0000000000000000000,0.07875488631468001,17,18,2520,945,circuits/q19/prqc_q19_d35.qasm
19,36,0000000000000000000,0.07988530714797186,18,18,2592,972,circuits/q19/prqc_q19_d36.qasm
19,37,0000000000000000000,0.05886618028357606,18,19,2664,999,circuits/q19/prqc_q19_d37.qasm
19,38,0000000000000000000,0.063049495889473,19,19,2736,1026,circuits/q19/prqc_q19_d38.qasm
19,39,0000000000000000000,0.05319209103266707,19,20,2808,1053,circuits/q19/prqc_q19_d39.qasm
19,40,0000000000000000000,0.05748365859027641,20,20,2880,1080,circuits/q19/prqc_q19_d40.qasm
19,41,0000000000000000000,0.06279661776991857,20,21,2952,1107,circuits/q19/prqc_q19_d41.qasm
19,42,0000000000000000000,0.0603388424804502,21,21,3024,1134,circuits/q19/prqc_q19_d42.qasm
19,43,0000000000000000000,0.058154758314851174,21,22,3096,1161,circuits/q19/prqc_q19_d43.qasm
19,44,0000000000000000000,0.056163832208301644,22,22,3168,1188,circuits/q19/prqc_q19_d44.qasm
19,45,0000000000000000000,0.04599261572941711,22,23,3240,1215,circuits/q19/prqc_q19_d45.qasm
19,46,0000000000000000000,0.045434510375857065,23,23,3312,1242,circuits/q19/prqc_q19_d46.qasm
19,47,0000000000000000000,0.007517353960123335,23,24,3384,1269,circuits/q19/prqc_q19_d47.qasm
19,48,0000000000000000000,0.007626873261083439,24,24,3456,1296,circuits/q19/prqc_q19_d48.qasm
19,49,0000000000000000000,0.0077569055884064595,24,25,3528,1323,circuits/q19/prqc_q19_d49.qasm
19,50,0000000000000000000,0.007917284867903203,25,25,3600,1350,circuits/q19/prqc_q19_d50.qasm
20,2,00000000000000000000,0.9990218214578537,1,1,160,60,circuits/q20/prqc_q20_d2.qasm
20,3,00000000000000000000,0.9990019131136696,1,2,188,65,circuits/q20/prqc_q20_d3.qasm
20,4,00000000000000000000,0.9990005071114069,2,2,304,114,circuits/q20/prqc_q20_d4.qasm
20,5,00000000000000000000,0.9990053775112038,2,3,366,135,circuits/q20/prqc_q20_d5.qasm
20,6,00000000000000000000,0.999005300523795,3,3,464,174,circuits/q20/prqc_q20_d6.qasm
20,7,00000000000000000000,0.9990010562597569,3,4,524,195,circuits/q20/prqc_q20_d7.qasm
20,8,00000000000000000000,0.9990023629188866,4,4,608,228,circuits/q20/prqc_q20_d8.qasm
20,9,00000000000000000000,0.9945978145155687,4,5,688,258,circuits/q20/prqc_q20_d9.qasm
20,10,00000000000000000000,0.9877270008323749,5,5,768,288,circuits/q20/prqc_q20_d10.qasm
20,11,00000000000000000000,0.9957216733608382,5,6,840,315,circuits/q20/prqc_q20_d11.qasm
20,12,00000000000000000000,0.9867099748785115,6,6,912,342,circuits/q20/prqc_q20_d12.qasm
20,13,00000000000000000000,0.8304871304835149,6,7,992,372,circuits/q20/prqc_q20_d13.qasm
20,14,00000000000000000000,0.9828897514070697,7,7,1072,402,circuits/q20/prqc_q20_d14.qasm
20,15,00000000000000000000,0.6140251412596964,7,8,1144,429,circuits/q20/prqc_q20_d15.qasm
20,16,00000000000000000000,0.8486183025430554,8,8,1216,456,circuits/q20/prqc_q20_d16.qasm
20,17,00000000000000000000,0.5875407144942144,8,9,1296,486,circuits/q20/prqc_q20_d17.qasm
20,18,00000000000000000000,0.8350617758206829,9,9,1376,516,circuits/q20/prqc_q20_d18.qasm
20,19,00000000000000000000,0.3457100023799193,9,10,1448,543,circuits/q20/prqc_q20_d19.qasm
20,20,00000000000000000000,0.4170343315827548,10,10,1520,570,circuits/q20/prqc_q20_d20.qasm
20,21,00000000000000000000,0.24143555685940216,10,11,1600,600,circuits/q20/prqc_q20_d21.qasm
20,22,00000000000000000000,0.40792641855492817,11,11,1680,630,circuits/q20/prqc_q20_d22.qasm
20,23,00000000000000000000,0.2983818554647468,11,12,1752,657,circuits/q20/prqc_q20_d23.qasm
20,24,00000000000000000000,0.44173330126440097,12,12,1824,684,circuits/q20/prqc_q20_d24.qasm
20,25,00000000000000000000,0.1453471780093285,12,13,1904,714,circuits/q20/prqc_q20_d25.qasm
20,26,00000000000000000000,0.20950481437124252,13,13,1984,744,circuits/q20/prqc_q20_d26.qasm
20,27,00000000000000000000,0.10710922810853353,13,14,2056,771,circuits/q20/prqc_q20_d27.qasm
20,28,00000000000000000000,0.15527153384848924,14,14,2128,798,circuits/q20/prqc_q20_d28.qasm
20,29,00000000000000000000,0.10729658064516125,14,15,2208,828,circuits/q20/prqc_q20_d29.qasm
20,30,00000000000000000000,0.09355776399550739,15,15,2288,858,circuits/q20/prqc_q20_d30.qasm
20,31,00000000000000000000,0.09931153732287555,15,16,2360,885,circuits/q20/prqc_q20_d31.qasm
20,32,00000000000000000000,0.05801597087163276,16,16,2432,912,circuits/q20/prqc_q20_d32.qasm
20,33,00000000000000000000,0.06072581708608074,16,17,2512,942,circuits/q20/prqc_q20_d33.qasm
20,34,00000000000000000000,0.07875622218147824,17,17,2592,972,circuits/q20/prqc_q20_d34.qasm
20,35,00000000000000000000,0.060558422339629735,17,18,2664,999,circuits/q20/prqc_q20_d35.qasm
20,36,00000000000000000000,0.0628955492333074,18,18,2736,1026,circuits/q20/prqc_q20_d36.qasm
20,37,00000000000000000000,0.050659071207011894,18,19,2816,1056,circuits/q20/prqc_q20_d37.qasm
20,38,00000000000000000000,0.04951081126959832,19,19,2896,1086,circuits/q20/prqc_q20_d38.qasm
20,39,00000000000000000000,0.05209510250430669,19,20,2968,1113,circuits/q20/prqc_q20_d39.qasm
20,40,00000000000000000000,0.04994223220853379,20,20,3040,1140,circuits/q20/prqc_q20_d40.qasm
20,41,00000000000000000000,0.050155270725245914,20,21,3120,1170,circuits/q20/prqc_q20_d41.qasm
20,42,00000000000000000000,0.03946838604794361,21,21,3200,1200,circuits/q20/prqc_q20_d42.qasm
20,43,00000000000000000000,0.03833138933600922,21,22,3272,1227,circuits/q20/prqc_q20_d43.qasm
20,44,00000000000000000000,0.04062448515231228,22,22,3344,1254,circuits/q20/prqc_q20_d44.qasm
20,45,00000000000000000000,0.04095903689005145,22,23,3424,1284,circuits/q20/prqc_q20_d45.qasm
20,46,00000000000000000000,0.03954863594527492,23,23,3504,1314,circuits/q20/prqc_q20_d46.qasm
20,47,00000000000000000000,0.020751723777230124,23,24,3576,1341,circuits/q20/prqc_q20_d47.qasm
20,48,00000000000000000000,0.004224257620122063,24,24,3648,1368,circuits/q20/prqc_q20_d48.qasm
20,49,00000000000000000000,0.004120184720334274,24,25,3728,1398,circuits/q20/prqc_q20_d49.qasm
20,50,00000000000000000000,0.004132355931549098,25,25,3808,1428,circuits/q20/prqc_q20_d50.qasm
